0x8b0890,CP,ObjTypeID,PaletteID,TileConfigID,MapID,Anims1,Anims2,MapChangesID,Fog,N/A,Chapter Title,N/A,Initial coord,N/A,Weather,BattleBG,DifficultyBonus,Player Phase BGM,Enemy Phase BGM,NPC BGM,N/A (Player Battle BGM),N/A (Enemy Battle BGM),N/A (Ally Battle BGM),Player Phase BGM Flag 4,Enemy Phase BGM Flag 4,N/A (Preparation BGM),N/A,N/A,Wall HP,N/A,N/A,N/A,N/A,N/A,N/A,N/A,N/A,N/A,N/A,N/A,N/A,N/A,N/A,N/A,N/A,N/A,N/A,N/A,N/A,N/A,N/A,N/A,N/A,N/A,N/A,N/A,N/A,N/A,N/A,N/A,N/A,N/A,N/A,N/A,N/A,N/A,N/A,ChName,N/A (ChName),EventsID,WMEventsID,N/A,N/A,N/A,N/A,N/A,N/A,N/A,N/A,N/A,N/A,ChNumber,N/A,N/A,N/A,N/A,N/A,Foes for Victory BGM,Dark Before Initial Event,StatusObjectiveText,GoalWindowText,GoalWindowInfo,Turns to Defend,Unit to Defend,Withdrawal Point,N/A,N/A,N/A,N/A
Ch1,0x81c32c8,OBJ_Fields,PAL_Fields,CONFIG_Fields,MAP_Ch1,TILEANIM1_Water,0x0,MAPCHANGES_Ch1,0x0,0x0,0x0,0x0,0x6,0x4,0x0,0x0,0x40,MUS_BeyondDistantSkies,MUS_DeerOfThePlains,MUS_BindingTies,0x9,0x13,0x13,0x9,0xffff,0xb,0xffff,0xffff,100,0,0,0,0,0,0,0,0,0,0,0,0,0,0,0,0,0,0,0,0,0,0,0,0,0,0,0,0,0,0,0,0,0,0,0,0,0,0,Ch1Name,Ch1Name,EVENTS_Ch1,1,0x0,0x0,0x0,0x0,0x0,0x0,0x0,0x0,0x0,0x0,ChNumber1,0x0,0xff,0xff,0x0,0x0,1,0x1,StatusGoalGate,WindowGoalGate,0x0,0,0x0,255,0,0x1d,0x0,0x0
Ch2,0x81c32cc,OBJ_Fields,PAL_Fields,CONFIG_Fields,MAP_Ch2,0x0,0x0,MAPCHANGES_Ch2,0x0,0x0,0x1,0x0,0x11,0x3,0x0,0x0,0x40,MUS_BeyondDistantSkies,MUS_DeerOfThePlains,MUS_BindingTies,0x9,0x13,0xf,0xffff,0xffff,0xb,0xffff,0xffff,100,0,0,0,0,0,0,0,0,0,0,0,0,0,0,0,0,0,0,0,0,0,0,0,0,0,0,0,0,0,0,0,0,0,0,0,0,0,0,Ch2Name,Ch2Name,EVENTS_Ch2,2,0x0,0x0,0x0,0x0,0x0,0x0,0x0,0x0,0x0,0x0,ChNumber2,0x0,0xff,0xff,0x0,0x0,3,0x1,StatusGoalGate,WindowGoalGate,0x0,0,0x0,255,0,0x18,0x0,0x0
Ch3,0x81c32d0,OBJ_Village,PAL_Village,CONFIG_Village,MAP_Ch3,0x0,0x0,MAPCHANGES_Ch3,0x0,0x0,0x2,0x0,0x14,0x4,0x0,0x0,0x50,MUS_BeyondDistantSkies,MUS_DeerOfThePlains,MUS_BindingTies,0x9,0x13,0xf,0xffff,0xffff,0xb,0xffff,0xffff,100,0,0,0,0,0,0,0,0,0,0,0,0,0,0,0,0,0,0,0,0,0,0,0,0,0,0,0,0,0,0,0,0,0,0,0,0,0,0,Ch3Name,Ch3Name,EVENTS_Ch3,3,0x0,0x0,0x0,0x0,0x0,0x0,0x0,0x0,0x0,0x0,ChNumber3,0x0,0xff,0xff,0x0,0x0,3,0x1,StatusGoalThrone,WindowGoalThrone,0x0,0,0x0,255,0,0x3,0x0,0x0
Ch4,0x81c32d4,OBJ_Fields,PAL_Fields,CONFIG_Fields,MAP_Ch4,TILEANIM1_Water,0x0,MAPCHANGES_Ch4,0x0,0x0,0x3,0x0,0x4,0x8,0x0,0x0,0x50,MUS_BeyondDistantSkies,MUS_DeerOfThePlains,MUS_BindingTies,0x9,0x13,0xf,0xffff,0xffff,0xb,0xffff,0xffff,100,0,0,0,0,0,0,0,0,0,0,0,0,0,0,0,0,0,0,0,0,0,0,0,0,0,0,0,0,0,0,0,0,0,0,0,0,0,0,Ch4Name,Ch4Name,EVENTS_Ch4,4,0x0,0x0,0x0,0x0,0x0,0x0,0x0,0x0,0x0,0x0,ChNumber4,0x0,0xff,0xff,0x0,0x0,3,0x1,StatusGoalGate,WindowGoalGate,0x0,0,0x0,255,0,0x28,0x0,0x0
Ch5,0x81c32d8,OBJ_Fields,PAL_Fields,CONFIG_Fields,MAP_Ch5,0x0,0x0,MAPCHANGES_Ch5,0x0,0x0,0x4,0x0,0x3,0xE,0x0,0x0,0x60,MUS_BeyondDistantSkies,MUS_DeerOfThePlains,MUS_BindingTies,0x9,0x13,0xf,0xffff,0xffff,0xb,0xffff,0xffff,100,0,0,0,0,0,0,0,0,0,0,0,0,0,0,0,0,0,0,0,0,0,0,0,0,0,0,0,0,0,0,0,0,0,0,0,0,0,0,Ch5Name,Ch5Name,EVENTS_Ch5,5,0x0,0x0,0x0,0x0,0x0,0x0,0x0,0x0,0x0,0x0,ChNumber5,0x0,0xff,0xff,0x0,0x0,3,0x1,StatusGoalGate,WindowGoalGate,0x0,0,0x0,255,0,0x18,0x0,0x0
Ch6,0x81c32dc,OBJ_Fort,PAL_Fort,CONFIG_Fort,MAP_Ch6,0x0,0x0,MAPCHANGES_Ch6,0x0,0x0,0x5,0x0,0xD,0x1,0x0,0x0,0x60,MUS_BeyondDistantSkies,MUS_DeerOfThePlains,MUS_BindingTies,0xb,0x13,0xf,0xffff,0xffff,0xb,0xffff,0xffff,100,0,0,0,0,0,0,0,0,0,0,0,0,0,0,0,0,0,0,0,0,0,0,0,0,0,0,0,0,0,0,0,0,0,0,0,0,0,0,Ch6Name,Ch6Name,EVENTS_Ch6,6,0x0,0x0,0x0,0x0,0x0,0x0,0x0,0x0,0x0,0x0,ChNumber6,0x0,0xff,0xff,0x0,0x0,3,0x1,StatusGoalThrone,WindowGoalThrone,0x0,0,0x0,255,0,0xc,0x0,0x0
Ch7,0x81c32e0,OBJ_Village,PAL_Village,CONFIG_Village,MAP_Ch7,0x0,0x0,MAPCHANGES_Ch7,0x0,0x0,0x6,0x0,0x6,0x1,0x0,0x0,0x70,MUS_BeyondDistantSkies,MUS_DeerOfThePlains,MUS_BindingTies,0x9,0x13,0xf,0xffff,0xffff,0xb,0xffff,0xffff,100,0,0,0,0,0,0,0,0,0,0,0,0,0,0,0,0,0,0,0,0,0,0,0,0,0,0,0,0,0,0,0,0,0,0,0,0,0,0,Ch7Name,Ch7Name,EVENTS_Ch7,7,0x0,0x0,0x0,0x0,0x0,0x0,0x0,0x0,0x0,0x0,ChNumber7,0x0,0xff,0xff,0x0,0x0,3,0x1,StatusGoalThrone,WindowGoalThrone,0x0,0,0x0,255,0,0x5,0x0,0x0
Ch8,0x81c32e4,OBJ_Castle,PAL_CastlePurple,CONFIG_Castle,MAP_Ch8,0x0,0x0,MAPCHANGES_Ch8,0x0,0x0,0x7,0x0,0x7,0x11,0x0,0x0,0x70,MUS_BeyondDistantSkies,MUS_DeerOfThePlains,MUS_BindingTies,0x11,0x18,0x11,0xffff,0xffff,0xb,0xffff,0xffff,100,0,0,0,0,0,0,0,0,0,0,0,0,0,0,0,0,0,0,0,0,0,0,0,0,0,0,0,0,0,0,0,0,0,0,0,0,0,0,Ch8Name,Ch8Name,EVENTS_Ch8,8,0x0,0x0,0x0,0x0,0x0,0x0,0x0,0x0,0x0,0x0,ChNumber8,0x0,0xff,0xff,0x0,0x0,4,0x1,StatusGoalThrone,WindowGoalThrone,0x0,0,0x0,255,0,0x1a,0x0,0x0
Ch8x,0x81c32e8,OBJ_FrontierCastle,PAL_FrontierCastleLavaCave,CONFIG_FrontierCastle,MAP_Ch8x,0x0,TILEANIM2_Lava,MAPCHANGES_Ch8x,0x0,0x0,0x8,0x0,0x4,0x2,0x0,0x0,0x70,MUS_ScarsOfTheScouring,MUS_LegendaryInheritance,MUS_BindingTies,0x9,0x13,0xf,0xffff,0xffff,0xb,0xffff,0xffff,100,0,0,0,0,0,0,0,0,0,0,0,0,0,0,0,0,0,0,0,0,0,0,0,0,0,0,0,0,0,0,0,0,0,0,0,0,0,0,Ch8xName,Ch8xName,EVENTS_Ch8x,9,0x0,0x0,0x0,0x0,0x0,0x0,0x0,0x0,0x0,0x0,ChNumber8x,0x0,0xff,0xff,0x0,0x0,3,0x1,StatusGoalThrone,WindowGoalThrone,0x0,0,0x0,255,0,0x18,0x0,0x0
Ch9,0x81c32ec,OBJ_Frontier,PAL_Frontier,CONFIG_Frontier,MAP_Ch9,TILEANIM1_Water,0x0,MAPCHANGES_Ch9,0x0,0x0,0x9,0x0,0x3,0x3,0x0,0x0,0x80,MUS_ShadowApproaches,MUS_MessengerFromTheDarkness,MUS_BindingTies,0x9,0x13,0xf,0xffff,0xffff,0xb,0xffff,0xffff,100,0,0,0,0,0,0,0,0,0,0,0,0,0,0,0,0,0,0,0,0,0,0,0,0,0,0,0,0,0,0,0,0,0,0,0,0,0,0,Ch9Name,Ch9Name,EVENTS_Ch9,10,0x0,0x0,0x0,0x0,0x0,0x0,0x0,0x0,0x0,0x0,ChNumber9,0x0,0xff,0xff,0x0,0x0,4,0x1,StatusGoalGate,WindowGoalGate,0x0,0,0x0,255,0,0xc,0x0,0x0
Ch10A,0x81c32f0,OBJ_Frontier,PAL_Frontier,CONFIG_Frontier,MAP_Ch10A,TILEANIM1_Water,0x0,MAPCHANGES_Ch10A,0x0,0x0,0xa,0x0,0x13,0x1D,0x0,0x0,0x80,MUS_OneWill,MUS_WildFrontier,MUS_BindingTies,0xa,0x14,0xf,0xffff,0xffff,0xb,0xffff,0xffff,100,0,0,0,0,0,0,0,0,0,0,0,0,0,0,0,0,0,0,0,0,0,0,0,0,0,0,0,0,0,0,0,0,0,0,0,0,0,0,Ch10AName,Ch10AName,EVENTS_Ch10A,11,0x0,0x0,0x0,0x0,0x0,0x0,0x0,0x0,0x0,0x0,ChNumber10,0x0,0xff,0xff,0x0,0x0,4,0x1,StatusGoalGate,WindowGoalGate,0x0,0,0x0,255,0,0x7,0x0,0x0
Ch11A,0x81c32f4,OBJ_FrontierVillage,PAL_FrontierVillage,CONFIG_FrontierVillage,MAP_Ch11A,0x0,0x0,MAPCHANGES_Ch11A,0x0,0x0,0xb,0x0,0x1C,0x2,0x0,0x0,0x90,MUS_OneWill,MUS_WildFrontier,MUS_BindingTies,0xa,0x14,0xf,0xffff,0xffff,0xb,0xffff,0xffff,100,0,0,0,0,0,0,0,0,0,0,0,0,0,0,0,0,0,0,0,0,0,0,0,0,0,0,0,0,0,0,0,0,0,0,0,0,0,0,Ch11AName,Ch11AName,EVENTS_Ch11A,12,0x0,0x0,0x0,0x0,0x0,0x0,0x0,0x0,0x0,0x0,ChNumber11,0x0,0xff,0xff,0x0,0x0,4,0x1,StatusGoalGate,WindowGoalGate,0x0,0,0x0,255,0,0x1d,0x0,0x0
Ch10B,0x81c32f8,OBJ_FrontierVillage,PAL_FrontierVillage,CONFIG_FrontierVillage,MAP_Ch10B,0x0,0x0,MAPCHANGES_Ch10B,0x0,0x0,0xc,0x0,0x15,0x2,0x0,0x0,0x80,MUS_OneWill,MUS_WildFrontier,MUS_BindingTies,0xa,0x14,0xf,0xffff,0xffff,0xb,0xffff,0xffff,100,0,0,0,0,0,0,0,0,0,0,0,0,0,0,0,0,0,0,0,0,0,0,0,0,0,0,0,0,0,0,0,0,0,0,0,0,0,0,Ch10BName,Ch10BName,EVENTS_Ch10B,13,0x0,0x0,0x0,0x0,0x0,0x0,0x0,0x0,0x0,0x0,ChNumber10,0x0,0xff,0xff,0x0,0x0,3,0x1,StatusGoalGate,WindowGoalGate,0x0,0,0x0,255,0,0x1d,0x0,0x0
Ch11B,0x81c32fc,OBJ_Frontier,PAL_Frontier,CONFIG_Frontier,MAP_Ch11B,TILEANIM1_Water,0x0,MAPCHANGES_Ch11B,0x0,0x0,0xd,0x0,0x3,0x19,0x0,0x0,0x90,MUS_OneWill,MUS_WildFrontier,MUS_BindingTies,0xa,0x14,0xf,0xffff,0xffff,0xb,0xffff,0xffff,100,0,0,0,0,0,0,0,0,0,0,0,0,0,0,0,0,0,0,0,0,0,0,0,0,0,0,0,0,0,0,0,0,0,0,0,0,0,0,Ch11BName,Ch11BName,EVENTS_Ch11B,14,0x0,0x0,0x0,0x0,0x0,0x0,0x0,0x0,0x0,0x0,ChNumber11,0x0,0xff,0xff,0x0,0x0,3,0x1,StatusGoalGate,WindowGoalGate,0x0,0,0x0,255,0,0x18,0x0,0x0
Ch12,0x81c3300,OBJ_FrontierCastle,PAL_FrontierCastle,CONFIG_FrontierCastle,MAP_Ch12,0x0,0x0,MAPCHANGES_Ch12,0x0,0x0,0xe,0x0,0xA,0x1,0x0,0x0,0x90,MUS_OneWill,MUS_WildFrontier,MUS_BindingTies,0xa,0x14,0xf,0xffff,0xffff,0xb,0xffff,0xffff,100,0,0,0,0,0,0,0,0,0,0,0,0,0,0,0,0,0,0,0,0,0,0,0,0,0,0,0,0,0,0,0,0,0,0,0,0,0,0,Ch12Name,Ch12Name,EVENTS_Ch12,15,0x0,0x0,0x0,0x0,0x0,0x0,0x0,0x0,0x0,0x0,ChNumber12,0x0,0xff,0xff,0x0,0x0,4,0x1,StatusGoalThrone,WindowGoalThrone,0x0,0,0x0,255,0,0x2a,0x0,0x0
Ch12x,0x81c3304,OBJ_DesertAndCave,PAL_Cave,CONFIG_Cave,MAP_Ch12x,0x0,0x0,MAPCHANGES_Ch12x,0x0,0x0,0xf,0x0,0x1A,0x1,0x0,0x0,0x90,MUS_ScarsOfTheScouring,MUS_LegendaryInheritance,MUS_BindingTies,0xa,0x14,0xf,0xffff,0xffff,0xb,0xffff,0xffff,100,0,0,0,0,0,0,0,0,0,0,0,0,0,0,0,0,0,0,0,0,0,0,0,0,0,0,0,0,0,0,0,0,0,0,0,0,0,0,Ch12xName,Ch12xName,EVENTS_Ch12x,16,0x0,0x0,0x0,0x0,0x0,0x0,0x0,0x0,0x0,0x0,ChNumber12x,0x0,0xff,0xff,0x0,0x0,3,0x1,StatusGoalThrone,WindowGoalThrone,0x0,0,0x0,255,0,0x30,0x0,0x0
Ch13,0x81c3308,OBJ_FieldsBridge,PAL_FieldsBridge,CONFIG_FieldsBridge,MAP_Ch13,TILEANIM1_Water,0x0,MAPCHANGES_Ch13,0x0,0x0,0x10,0x0,0x2D,0xC,0x0,0x0,0xA0,MUS_OneWill,MUS_WildFrontier,MUS_BindingTies,0xd,0x15,0xf,0xffff,0xffff,0xb,0xffff,0xffff,100,0,0,0,0,0,0,0,0,0,0,0,0,0,0,0,0,0,0,0,0,0,0,0,0,0,0,0,0,0,0,0,0,0,0,0,0,0,0,Ch13Name,Ch13Name,EVENTS_Ch13,17,0x0,0x0,0x0,0x0,0x0,0x0,0x0,0x0,0x0,0x0,ChNumber13,0x0,0xff,0xff,0x0,0x0,4,0x1,StatusGoalGate,WindowGoalGate,0x0,0,0x0,255,0,0xc,0x0,0x0
Ch14,0x81c330c,OBJ_DesertAndCave,PAL_Desert,CONFIG_Desert,MAP_Ch14,TILEANIM1_Water,0x0,MAPCHANGES_Ch14,0x0,0x0,0x11,0x0,0x1C,0x3,0x0,0x0,0xA0,MUS_ShadowApproaches,MUS_MessengerFromTheDarkness,MUS_BindingTies,0xd,0x15,0xf,0xffff,0xffff,0xb,0xffff,0xffff,100,0,0,0,0,0,0,0,0,0,0,0,0,0,0,0,0,0,0,0,0,0,0,0,0,0,0,0,0,0,0,0,0,0,0,0,0,0,0,Ch14Name,Ch14Name,EVENTS_Ch14,18,0x0,0x0,0x0,0x0,0x0,0x0,0x0,0x0,0x0,0x0,ChNumber14,0x0,0xff,0xff,0x0,0x0,4,0x1,StatusGoalGate,WindowGoalGate,0x0,0,0x0,255,0,0x18,0x0,0x0
Ch14x,0x81c3310,OBJ_Castle,PAL_CastleLightBlue,CONFIG_Castle,MAP_Ch14x,TILEANIM1_WaterInside,0x0,MAPCHANGES_Ch14x,0x0,0x0,0x12,0x0,0xE,0xC,0x0,0x0,0xA0,MUS_ScarsOfTheScouring,MUS_LegendaryInheritance,MUS_BindingTies,0xd,0x15,0xf,0xffff,0xffff,0xb,0xffff,0xffff,100,0,0,0,0,0,0,0,0,0,0,0,0,0,0,0,0,0,0,0,0,0,0,0,0,0,0,0,0,0,0,0,0,0,0,0,0,0,0,Ch14xName,Ch14xName,EVENTS_Ch14x,19,0x0,0x0,0x0,0x0,0x0,0x0,0x0,0x0,0x0,0x0,ChNumber14x,0x0,0xff,0xff,0x0,0x0,4,0x1,StatusGoalThrone,WindowGoalThrone,0x0,0,0x0,255,0,0x32,0x0,0x0
Ch15,0x81c3314,OBJ_Fields,PAL_Fields,CONFIG_Fields,MAP_Ch15,0x0,0x0,MAPCHANGES_Ch15,0x0,0x0,0x13,0x0,0x11,0x9,0x0,0x0,0xB0,MUS_BeyondDistantSkies,MUS_DeerOfThePlains,MUS_BindingTies,0x11,0x18,0x11,0xffff,0xffff,0xb,0xffff,0xffff,100,0,0,0,0,0,0,0,0,0,0,0,0,0,0,0,0,0,0,0,0,0,0,0,0,0,0,0,0,0,0,0,0,0,0,0,0,0,0,Ch15Name,Ch15Name,EVENTS_Ch15,20,0x0,0x0,0x0,0x0,0x0,0x0,0x0,0x0,0x0,0x0,ChNumber15,0x0,0xff,0xff,0x0,0x0,4,0x1,StatusGoalGate,WindowGoalGate,0x0,0,0x0,255,0,0xb,0x0,0x0
Ch16,0x81c3318,OBJ_Castle,PAL_CastleBlue,CONFIG_Castle,MAP_Ch16,0x0,0x0,MAPCHANGES_Ch16,0x0,0x0,0x14,0x0,0xF,0x3,0x0,0x0,0xB0,MUS_BeyondDistantSkies,MUS_DeerOfThePlains,MUS_BindingTies,0xd,0x15,0xf,0xffff,0xffff,0xb,0xffff,0xffff,100,0,0,0,0,0,0,0,0,0,0,0,0,0,0,0,0,0,0,0,0,0,0,0,0,0,0,0,0,0,0,0,0,0,0,0,0,0,0,Ch16Name,Ch16Name,EVENTS_Ch16,21,0x0,0x0,0x0,0x0,0x0,0x0,0x0,0x0,0x0,0x0,ChNumber16,0x0,0xff,0xff,0x0,0x0,4,0x1,StatusGoalThrone,WindowGoalThrone,0x0,0,0x0,255,0,0x31,0x0,0x0
Ch16x,0x81c331c,OBJ_Temple,PAL_TempleLight,CONFIG_Temple,MAP_Ch16x,0x0,0x0,MAPCHANGES_Ch16x,0x0,0x0,0x15,0x0,0x10,0x2,0x0,0x0,0xB0,MUS_ScarsOfTheScouring,MUS_LegendaryInheritance,MUS_BindingTies,0xe,0x16,0xf,0xffff,0xffff,0xb,0xffff,0xffff,100,0,0,0,0,0,0,0,0,0,0,0,0,0,0,0,0,0,0,0,0,0,0,0,0,0,0,0,0,0,0,0,0,0,0,0,0,0,0,Ch16xName,Ch16xName,EVENTS_Ch16x,22,0x0,0x0,0x0,0x0,0x0,0x0,0x0,0x0,0x0,0x0,ChNumber16x,0x0,0xff,0xff,0x0,0x0,4,0x1,StatusGoalThrone,WindowGoalThrone,0x0,0,0x0,255,0,0x34,0x0,0x0
Ch17A,0x81c3320,OBJ_Fields,PAL_Fields,CONFIG_Fields,MAP_Ch17A,TILEANIM1_Water,0x0,MAPCHANGES_Ch17A,0x0,0x0,0x16,0x0,0x1E,0x3,0x0,0x0,0xC0,MUS_BeholdingNaturesBeauty,MUS_DistantLands,MUS_BindingTies,0x45,0x16,0xf,0xffff,0xffff,0xb,0xffff,0xffff,100,0,0,0,0,0,0,0,0,0,0,0,0,0,0,0,0,0,0,0,0,0,0,0,0,0,0,0,0,0,0,0,0,0,0,0,0,0,0,Ch17AName,Ch17AName,EVENTS_Ch17A,23,0x0,0x0,0x0,0x0,0x0,0x0,0x0,0x0,0x0,0x0,ChNumber17,0x0,0xff,0xff,0x0,0x0,4,0x1,StatusGoalGate,WindowGoalGate,0x0,0,0x0,255,0,0x34,0x0,0x0
Ch18A,0x81c3328,OBJ_Snow,PAL_Snow,CONFIG_Snow,MAP_Ch18A,TILEANIM1_Snow,TILEANIM2_Snow,MAPCHANGES_Ch18A,0x0,0x0,0x17,0x0,0x14,0x3,0x0,0x0,0xC0,MUS_BeholdingNaturesBeauty,MUS_DistantLands,MUS_BindingTies,0xc,0x14,0xf,0xffff,0xffff,0xb,0xffff,0xffff,100,0,0,0,0,0,0,0,0,0,0,0,0,0,0,0,0,0,0,0,0,0,0,0,0,0,0,0,0,0,0,0,0,0,0,0,0,0,0,Ch18AName,Ch18AName,EVENTS_Ch18A,24,0x0,0x0,0x0,0x0,0x0,0x0,0x0,0x0,0x0,0x0,ChNumber18,0x0,0xff,0xff,0x0,0x0,4,0x1,StatusGoalGate,WindowGoalGate,0x0,0,0x0,255,0,0x26,0x0,0x0
Ch19A,0x81c332c,OBJ_Snow,PAL_Snow,CONFIG_Snow,MAP_Ch19A,0x0,0x0,MAPCHANGES_Ch19A,0x0,0x0,0x18,0x0,0x1D,0x3,0x0,0x0,0xD0,MUS_ShadowApproaches,MUS_MessengerFromTheDarkness,MUS_BindingTies,0xc,0x14,0xf,0xffff,0xffff,0xb,0xffff,0xffff,100,0,0,0,0,0,0,0,0,0,0,0,0,0,0,0,0,0,0,0,0,0,0,0,0,0,0,0,0,0,0,0,0,0,0,0,0,0,0,Ch19AName,Ch19AName,EVENTS_Ch19A,25,0x0,0x0,0x0,0x0,0x0,0x0,0x0,0x0,0x0,0x0,ChNumber19,0x0,0xff,0xff,0x0,0x0,4,0x1,StatusGoalGate,WindowGoalGate,0x0,0,0x0,255,0,0x7,0x0,0x0
Ch20A,0x81c3330,OBJ_SnowCastle,PAL_SnowCastle,CONFIG_SnowCastle,MAP_Ch20A,0x0,TILEANIM2_Snow,MAPCHANGES_Ch20A,0x0,0x0,0x19,0x0,0x4,0x13,0x0,0x0,0xD0,MUS_BeholdingNaturesBeauty,MUS_DistantLands,MUS_BindingTies,0xc,0x14,0xf,0xffff,0xffff,0xb,0xffff,0xffff,100,0,0,0,0,0,0,0,0,0,0,0,0,0,0,0,0,0,0,0,0,0,0,0,0,0,0,0,0,0,0,0,0,0,0,0,0,0,0,Ch20AName,Ch20AName,EVENTS_Ch20A,26,0x0,0x0,0x0,0x0,0x0,0x0,0x0,0x0,0x0,0x0,ChNumber20,0x0,0xff,0xff,0x0,0x0,4,0x1,StatusGoalThrone,WindowGoalThrone,0x0,0,0x0,255,0,0x7,0x0,0x0
Ch20Ax,0x81c3334,OBJ_SnowCastle,PAL_SnowCastleGaiden,CONFIG_SnowCastle,MAP_Ch20Ax,0x0,0x0,MAPCHANGES_Ch20Ax,0x0,0x0,0x1a,0x0,0x11,0x1,0x0,0x0,0xD0,MUS_ScarsOfTheScouring,MUS_LegendaryInheritance,MUS_BindingTies,0xc,0x14,0xf,0xffff,0xffff,0xb,0xffff,0xffff,100,0,0,0,0,0,0,0,0,0,0,0,0,0,0,0,0,0,0,0,0,0,0,0,0,0,0,0,0,0,0,0,0,0,0,0,0,0,0,Ch20AxName,Ch20AxName,EVENTS_Ch20Ax,27,0x0,0x0,0x0,0x0,0x0,0x0,0x0,0x0,0x0,0x0,ChNumber20x,0x0,0xff,0xff,0x0,0x0,4,0x1,StatusGoalThrone,WindowGoalThrone,0x0,0,0x0,255,0,0x18,0x0,0x0
Ch17B,0x81c3338,OBJ_Fields,PAL_FieldsNight,CONFIG_Fields,MAP_Ch17B,TILEANIM1_Water,0x0,MAPCHANGES_Ch17B,0x0,0x0,0x1b,0x0,0x1E,0x12,0x0,0x0,0xC0,MUS_ShadowApproaches,MUS_MessengerFromTheDarkness,MUS_BindingTies,0xc,0x14,0xf,0xffff,0xffff,0xb,0xffff,0xffff,100,0,0,0,0,0,0,0,0,0,0,0,0,0,0,0,0,0,0,0,0,0,0,0,0,0,0,0,0,0,0,0,0,0,0,0,0,0,0,Ch17BName,Ch17BName,EVENTS_Ch17B,28,0x0,0x0,0x0,0x0,0x0,0x0,0x0,0x0,0x0,0x0,ChNumber17,0x0,0xff,0xff,0x0,0x0,4,0x1,StatusGoalGate,WindowGoalGate,0x0,0,0x0,255,0,0xc,0x0,0x0
Ch18B,0x81c333c,OBJ_Plains,PAL_Plains,CONFIG_Plains,MAP_Ch18B,TILEANIM1_Water,0x0,MAPCHANGES_Ch18B,0x0,0x0,0x1c,0x0,0x12,0x13,0x0,0x0,0xC0,MUS_BeholdingNaturesBeauty,MUS_DistantLands,MUS_BindingTies,0xc,0x14,0xf,0xffff,0xffff,0xb,0xffff,0xffff,100,0,0,0,0,0,0,0,0,0,0,0,0,0,0,0,0,0,0,0,0,0,0,0,0,0,0,0,0,0,0,0,0,0,0,0,0,0,0,Ch18BName,Ch18BName,EVENTS_Ch18B,29,0x0,0x0,0x0,0x0,0x0,0x0,0x0,0x0,0x0,0x0,ChNumber18,0x0,0xff,0xff,0x0,0x0,4,0x1,StatusGoalGate,WindowGoalGate,0x0,0,0x0,255,0,0x30,0x0,0x0
Ch19B,0x81c3340,OBJ_Plains,PAL_PlainsVillage,CONFIG_PlainsVillage,MAP_Ch19B,TILEANIM1_Water,0x0,MAPCHANGES_Ch19B,0x0,0x0,0x1d,0x0,0x11,0x1,0x0,0x0,0xD0,MUS_BeholdingNaturesBeauty,MUS_DistantLands,MUS_BindingTies,0xd,0x15,0xf,0xffff,0xffff,0xb,0xffff,0xffff,100,0,0,0,0,0,0,0,0,0,0,0,0,0,0,0,0,0,0,0,0,0,0,0,0,0,0,0,0,0,0,0,0,0,0,0,0,0,0,Ch19BName,Ch19BName,EVENTS_Ch19B,30,0x0,0x0,0x0,0x0,0x0,0x0,0x0,0x0,0x0,0x0,ChNumber19,0x0,0xff,0xff,0x0,0x0,4,0x1,StatusGoalGate,WindowGoalGate,0x0,0,0x0,255,0,0xc,0x0,0x0
Ch20B,0x81c3344,OBJ_PlainsCastle,PAL_PlainsCastle,CONFIG_PlainsCastle,MAP_Ch20B,0x0,0x0,MAPCHANGES_Ch20B,0x0,0x0,0x1e,0x0,0x10,0x2,0x0,0x0,0xD0,MUS_ShadowApproaches,MUS_MessengerFromTheDarkness,MUS_BindingTies,0xd,0x15,0xf,0xffff,0xffff,0xb,0xffff,0xffff,100,0,0,0,0,0,0,0,0,0,0,0,0,0,0,0,0,0,0,0,0,0,0,0,0,0,0,0,0,0,0,0,0,0,0,0,0,0,0,Ch20BName,Ch20BName,EVENTS_Ch20B,31,0x0,0x0,0x0,0x0,0x0,0x0,0x0,0x0,0x0,0x0,ChNumber20,0x0,0xff,0xff,0x0,0x0,4,0x1,StatusGoalThrone,WindowGoalThrone,0x0,0,0x0,255,0,0x18,0x0,0x0
Ch20Bx,0x81c3348,OBJ_Plains,PAL_Plains,CONFIG_Plains,MAP_Ch20Bx,0x0,0x0,MAPCHANGES_Ch20Bx,0x0,0x0,0x1f,0x0,0xF,0xB,0x0,0x0,0xD0,MUS_ScarsOfTheScouring,MUS_LegendaryInheritance,MUS_BindingTies,0xd,0x15,0xf,0xffff,0xffff,0xb,0xffff,0xffff,100,0,0,0,0,0,0,0,0,0,0,0,0,0,0,0,0,0,0,0,0,0,0,0,0,0,0,0,0,0,0,0,0,0,0,0,0,0,0,Ch20BxName,Ch20BxName,EVENTS_Ch20Bx,32,0x0,0x0,0x0,0x0,0x0,0x0,0x0,0x0,0x0,0x0,ChNumber20x,0x0,0xff,0xff,0x0,0x0,4,0x1,StatusGoalGate,WindowGoalGate,0x0,0,0x0,255,0,0x32,0x0,0x0
Ch21,0x81c334c,OBJ_Mountainous,PAL_Mountainous,CONFIG_Mountainous,MAP_Ch21,0x0,0x0,MAPCHANGES_Ch21,0x0,0x0,0x20,0x0,0x19,0x1B,0x0,0x0,0xE0,MUS_BeneathANewLight,MUS_TheKingdomOfBern,MUS_BindingTies,0x11,0x18,0x11,0xffff,0xffff,0xb,0xffff,0xffff,100,0,0,0,0,0,0,0,0,0,0,0,0,0,0,0,0,0,0,0,0,0,0,0,0,0,0,0,0,0,0,0,0,0,0,0,0,0,0,Ch21Name,Ch21Name,EVENTS_Ch21,33,0x0,0x0,0x0,0x0,0x0,0x0,0x0,0x0,0x0,0x0,ChNumber21,0x0,0xff,0xff,0x0,0x0,4,0x1,StatusGoalThrone,WindowGoalThrone,0x0,0,0x0,255,0,0xc,0x0,0x0
Ch21x,0x81c3350,OBJ_Castle,PAL_CastlePurpur,CONFIG_Castle,MAP_Ch21x,TILEANIM1_WaterInside,0x0,MAPCHANGES_Ch21x,0x0,0x0,0x21,0x0,0x10,0x1,0x0,0x0,0xE0,MUS_ScarsOfTheScouring,MUS_LegendaryInheritance,MUS_BindingTies,0xd,0x15,0xf,0xffff,0xffff,0xb,0xffff,0xffff,100,0,0,0,0,0,0,0,0,0,0,0,0,0,0,0,0,0,0,0,0,0,0,0,0,0,0,0,0,0,0,0,0,0,0,0,0,0,0,Ch21xName,Ch21xName,EVENTS_Ch21x,34,0x0,0x0,0x0,0x0,0x0,0x0,0x0,0x0,0x0,0x0,ChNumber21x,0x0,0xff,0xff,0x0,0x0,4,0x1,StatusGoalThrone,WindowGoalThrone,0x0,0,0x0,255,0,0x31,0x0,0x0
Ch22,0x81c3354,OBJ_Stronghold,PAL_Stronghold,CONFIG_Stronghold,MAP_Ch22,0x0,TILEANIM2_Stronghold,MAPCHANGES_Ch22,0x0,0x0,0x22,0x0,0x10,0x11,0x0,0x0,0xF0,MUS_BeneathANewLight,MUS_TheKingdomOfBern,MUS_BindingTies,0xe,0x16,0xf,0xffff,0xffff,0xb,0xffff,0xffff,100,0,0,0,0,0,0,0,0,0,0,0,0,0,0,0,0,0,0,0,0,0,0,0,0,0,0,0,0,0,0,0,0,0,0,0,0,0,0,Ch22Name,Ch22Name,EVENTS_Ch22,35,0x0,0x0,0x0,0x0,0x0,0x0,0x0,0x0,0x0,0x0,ChNumber22,0x0,0xff,0xff,0x0,0x0,4,0x1,StatusGoalThrone,WindowGoalThrone,0x0,0,0x0,255,0,0x34,0x0,0x0
Ch23,0x81c3358,OBJ_Mountainous,PAL_Mountainous,CONFIG_Mountainous,MAP_Ch23,TILEANIM1_Water,0x0,MAPCHANGES_Ch23,0x0,0x0,0x23,0x0,0x6,0x1,0x0,0x0,0xF0,MUS_BeneathANewLight,MUS_TheKingdomOfBern,MUS_BindingTies,0x45,0x16,0xf,0xffff,0xffff,0xb,0xffff,0xffff,100,0,0,0,0,0,0,0,0,0,0,0,0,0,0,0,0,0,0,0,0,0,0,0,0,0,0,0,0,0,0,0,0,0,0,0,0,0,0,Ch23Name,Ch23Name,EVENTS_Ch23,36,0x0,0x0,0x0,0x0,0x0,0x0,0x0,0x0,0x0,0x0,ChNumber23,0x0,0xff,0xff,0x0,0x0,4,0x1,StatusGoalGate,WindowGoalGate,0x0,0,0x0,255,0,0x34,0x0,0x0
Ch24,0x81c3360,OBJ_Temple,PAL_TempleDragon,CONFIG_Temple,MAP_Ch24,0x0,0x0,MAPCHANGES_Ch24,0x0,0x0,0x24,0x0,0x20,0x2F,0x0,0x0,0xF0,MUS_ThePathToGreatness,MUS_DragonSanctuary,MUS_BindingTies,0x12,0x17,0xf,0xffff,0xffff,0xb,0xffff,0xffff,100,0,0,0,0,0,0,0,0,0,0,0,0,0,0,0,0,0,0,0,0,0,0,0,0,0,0,0,0,0,0,0,0,0,0,0,0,0,0,Ch24Name,Ch24Name,EVENTS_Ch24,37,0x0,0x0,0x0,0x0,0x0,0x0,0x0,0x0,0x0,0x0,ChNumber24,0x0,0xff,0xff,0x0,0x0,4,0x1,StatusGoalThrone,WindowGoalThrone,0x0,0,0x0,255,0,0x9,0x0,0x0
Final,0x81c3362,OBJ_Temple,PAL_TempleDragon,CONFIG_Temple,MAP_Final,0x0,TILEANIM2_Final,MAPCHANGES_Final,0x0,0x0,0x25,0x0,0x9,0xF,0x0,0x0,0xF0,MUS_ThePathToGreatness,MUS_DragonSanctuary,MUS_BindingTies,0x12,0x17,0xf,0xffff,0xffff,0xb,0xffff,0xffff,100,0,0,0,0,0,0,0,0,0,0,0,0,0,0,0,0,0,0,0,0,0,0,0,0,0,0,0,0,0,0,0,0,0,0,0,0,0,0,FinalName,FinalName,EVENTS_Final,38,0x0,0x0,0x0,0x0,0x0,0x0,0x0,0x0,0x0,0x0,0x0,0x0,0xff,0xff,0x0,0x0,255,0x1,0x1c0,0x19e,0x0,0,0x0,255,0,0x9,0x0,0x0
,0x81c3364,0x0,0x0,0x0,0x0,0x0,0x0,0x0,0x0,0x0,0x26,0x0,1,0,0x0,0x0,0x0,0x12,0x17,0xf,0x12,0x17,0xf,0xffff,0xffff,0xb,0xffff,0xffff,100,0,0,0,0,0,0,0,0,0,0,0,0,0,0,0,0,0,0,0,0,0,0,0,0,0,0,0,0,0,0,0,0,0,0,0,0,0,0,0x0,0x0,0x0,0x0,0x0,0x0,0x0,0x0,0x0,0x0,0x0,0x0,0x0,0x0,0x0,0x0,0xff,0xff,0x0,0x0,0x1,0x0,0x1c0,0x19e,0x0,0,0x0,255,0,0x9,0x0,0x0
,0x81c336c,0x0,0x0,0x0,0x0,0x0,0x0,0x0,0x0,0x0,0x27,0x0,1,0,0x0,0x0,0x0,0x12,0x17,0xf,0x12,0x17,0xf,0xffff,0xffff,0xb,0xffff,0xffff,100,0,0,0,0,0,0,0,0,0,0,0,0,0,0,0,0,0,0,0,0,0,0,0,0,0,0,0,0,0,0,0,0,0,0,0,0,0,0,0x0,0x0,0x0,0x0,0x0,0x0,0x0,0x0,0x0,0x0,0x0,0x0,0x0,0x0,0x0,0x0,0xff,0xff,0x0,0x0,0x1,0x0,0x1c0,0x19e,0x0,0,0x0,255,0,0x9,0x0,0x0
,0x81c3370,0x0,0x0,0x0,0x0,0x0,0x0,0x0,0x0,0x0,0x28,0x0,1,0,0x0,0x0,0x0,0x12,0x17,0xf,0x12,0x17,0xf,0xffff,0xffff,0xb,0xffff,0xffff,100,0,0,0,0,0,0,0,0,0,0,0,0,0,0,0,0,0,0,0,0,0,0,0,0,0,0,0,0,0,0,0,0,0,0,0,0,0,0,0x0,0x0,0x0,0x0,0x0,0x0,0x0,0x0,0x0,0x0,0x0,0x0,0x0,0x0,0x0,0x0,0xff,0xff,0x0,0x0,0x1,0x0,0x1c0,0x19e,0x0,0,0x0,255,0,0x9,0x0,0x0
,0x81c3374,0x0,0x0,0x0,0x0,0x0,0x0,0x0,0x0,0x0,0x29,0x0,1,0,0x0,0x0,0x0,0x12,0x17,0xf,0x12,0x17,0xf,0xffff,0xffff,0xb,0xffff,0xffff,100,0,0,0,0,0,0,0,0,0,0,0,0,0,0,0,0,0,0,0,0,0,0,0,0,0,0,0,0,0,0,0,0,0,0,0,0,0,0,0x0,0x0,0x0,0x0,0x0,0x0,0x0,0x0,0x0,0x0,0x0,0x0,0x0,0x0,0x0,0x0,0xff,0xff,0x0,0x0,0x1,0x0,0x1c0,0x19e,0x0,0,0x0,255,0,0x9,0x0,0x0
,0x81c3378,0x0,0x0,0x0,0x0,0x0,0x0,0x0,0x0,0x0,0x2a,0x0,1,0,0x0,0x0,0x0,0x12,0x17,0xf,0x12,0x17,0xf,0xffff,0xffff,0xb,0xffff,0xffff,100,0,0,0,0,0,0,0,0,0,0,0,0,0,0,0,0,0,0,0,0,0,0,0,0,0,0,0,0,0,0,0,0,0,0,0,0,0,0,0x0,0x0,0x0,0x0,0x0,0x0,0x0,0x0,0x0,0x0,0x0,0x0,0x0,0x0,0x0,0x0,0xff,0xff,0x0,0x0,0x1,0x0,0x1c0,0x19e,0x0,0,0x0,255,0,0x9,0x0,0x0
,0x81c337c,0x0,0x0,0x0,0x0,0x0,0x0,0x0,0x0,0x0,0x2b,0x0,1,0,0x0,0x0,0x0,0x12,0x17,0xf,0x12,0x17,0xf,0xffff,0xffff,0xb,0xffff,0xffff,100,0,0,0,0,0,0,0,0,0,0,0,0,0,0,0,0,0,0,0,0,0,0,0,0,0,0,0,0,0,0,0,0,0,0,0,0,0,0,0x0,0x0,0x0,0x0,0x0,0x0,0x0,0x0,0x0,0x0,0x0,0x0,0x0,0x0,0x0,0x0,0xff,0xff,0x0,0x0,0x1,0x0,0x1c0,0x19e,0x0,0,0x0,255,0,0x9,0x0,0x0
,0x81c3380,0x0,0x0,0x0,0x0,0x0,0x0,0x0,0x0,0x0,0x0,0x0,1,0,0x0,0x0,0x0,0xffff,0xffff,0xffff,0xffff,0xffff,0xffff,0xffff,0xffff,0xffff,0xffff,0xffff,100,0,0,0,0,0,0,0,0,0,0,0,0,0,0,0,0,0,0,0,0,0,0,0,0,0,0,0,0,0,0,0,0,0,0,0,0,0,0,0x0,0x0,0x0,0x0,0x0,0x0,0x0,0x0,0x0,0x0,0x0,0x0,0x0,0x0,0x0,0x0,0xff,0xff,0x0,0x0,0x0,0x0,0x0,0x0,0x0,0,0x0,255,0,0x0,0x0,0x0
,0x81c3380,0x0,0x0,0x0,0x0,0x0,0x0,0x0,0x0,0x0,0x0,0x0,1,0,0x0,0x0,0x0,0xffff,0xffff,0xffff,0xffff,0xffff,0xffff,0xffff,0xffff,0xffff,0xffff,0xffff,100,0,0,0,0,0,0,0,0,0,0,0,0,0,0,0,0,0,0,0,0,0,0,0,0,0,0,0,0,0,0,0,0,0,0,0,0,0,0,0x0,0x0,0x0,0x0,0x0,0x0,0x0,0x0,0x0,0x0,0x0,0x0,0x0,0x0,0x0,0x0,0xff,0xff,0x0,0x0,0x0,0x0,0x0,0x0,0x0,0,0x0,255,0,0x0,0x0,0x0
,0x81c3384,0x0,0x0,0x0,0x0,0x0,0x0,0x0,0x0,0x0,0x2e,0x0,1,0,0x0,0x0,0x0,0x12,0x17,0xf,0x12,0x17,0xf,0xffff,0xffff,0xb,0xffff,0xffff,100,0,0,0,0,0,0,0,0,0,0,0,0,0,0,0,0,0,0,0,0,0,0,0,0,0,0,0,0,0,0,0,0,0,0,0,0,0,0,0x0,0x0,0x0,0x0,0x0,0x0,0x0,0x0,0x0,0x0,0x0,0x0,0x0,0x0,0x0,0x0,0xff,0xff,0x0,0x0,0x1,0x0,0x1c0,0x19e,0x0,0,0x0,255,0,0x9,0x0,0x0
,0x81c3388,0x0,0x0,0x0,0x0,0x0,0x0,0x0,0x0,0x0,0x2f,0x0,1,0,0x0,0x0,0x0,0x12,0x17,0xf,0x12,0x17,0xf,0xffff,0xffff,0xb,0xffff,0xffff,100,0,0,0,0,0,0,0,0,0,0,0,0,0,0,0,0,0,0,0,0,0,0,0,0,0,0,0,0,0,0,0,0,0,0,0,0,0,0,0x0,0x0,0x0,0x0,0x0,0x0,0x0,0x0,0x0,0x0,0x0,0x0,0x0,0x0,0x0,0x0,0xff,0xff,0x0,0x0,0x1,0x0,0x1c0,0x19e,0x0,0,0x0,255,0,0x9,0x0,0x0
,0x81c338c,0x0,0x0,0x0,0x0,0x0,0x0,0x0,0x0,0x0,0x30,0x0,1,0,0x0,0x0,0x0,0x12,0x17,0xf,0x12,0x17,0xf,0xffff,0xffff,0xb,0xffff,0xffff,100,0,0,0,0,0,0,0,0,0,0,0,0,0,0,0,0,0,0,0,0,0,0,0,0,0,0,0,0,0,0,0,0,0,0,0,0,0,0,0x0,0x0,0x0,0x0,0x0,0x0,0x0,0x0,0x0,0x0,0x0,0x0,0x0,0x0,0x0,0x0,0xff,0xff,0x0,0x0,0x1,0x0,0x1c0,0x19e,0x0,0,0x0,255,0,0x9,0x0,0x0
,0x81c3390,0x0,0x0,0x0,0x0,0x0,0x0,0x0,0x0,0x0,0x31,0x0,1,0,0x0,0x0,0x0,0x12,0x17,0xf,0x12,0x17,0xf,0xffff,0xffff,0xb,0xffff,0xffff,100,0,0,0,0,0,0,0,0,0,0,0,0,0,0,0,0,0,0,0,0,0,0,0,0,0,0,0,0,0,0,0,0,0,0,0,0,0,0,0x0,0x0,0x0,0x0,0x0,0x0,0x0,0x0,0x0,0x0,0x0,0x0,0x0,0x0,0x0,0x0,0xff,0xff,0x0,0x0,0x1,0x0,0x1c0,0x19e,0x0,0,0x0,255,0,0x9,0x0,0x0
,0x81c3394,0x0,0x0,0x0,0x0,0x0,0x0,0x0,0x0,0x0,0x32,0x0,1,0,0x0,0x0,0x0,0x12,0x17,0xf,0x12,0x17,0xf,0xffff,0xffff,0xb,0xffff,0xffff,100,0,0,0,0,0,0,0,0,0,0,0,0,0,0,0,0,0,0,0,0,0,0,0,0,0,0,0,0,0,0,0,0,0,0,0,0,0,0,0x0,0x0,0x0,0x0,0x0,0x0,0x0,0x0,0x0,0x0,0x0,0x0,0x0,0x0,0x0,0x0,0xff,0xff,0x0,0x0,0x1,0x0,0x1c0,0x19e,0x0,0,0x0,255,0,0x9,0x0,0x0
,0x81c3398,0x0,0x0,0x0,0x0,0x0,0x0,0x0,0x0,0x0,0x33,0x0,1,0,0x0,0x0,0x0,0x12,0x17,0xf,0x12,0x17,0xf,0xffff,0xffff,0xb,0xffff,0xffff,100,0,0,0,0,0,0,0,0,0,0,0,0,0,0,0,0,0,0,0,0,0,0,0,0,0,0,0,0,0,0,0,0,0,0,0,0,0,0,0x0,0x0,0x0,0x0,0x0,0x0,0x0,0x0,0x0,0x0,0x0,0x0,0x0,0x0,0x0,0x0,0xff,0xff,0x0,0x0,0x1,0x0,0x1c0,0x19e,0x0,0,0x0,255,0,0x9,0x0,0x0
,0x81c339c,0x0,0x0,0x0,0x0,0x0,0x0,0x0,0x0,0x0,0x34,0x0,1,0,0x0,0x0,0x0,0x12,0x17,0xf,0x12,0x17,0xf,0xffff,0xffff,0xb,0xffff,0xffff,100,0,0,0,0,0,0,0,0,0,0,0,0,0,0,0,0,0,0,0,0,0,0,0,0,0,0,0,0,0,0,0,0,0,0,0,0,0,0,0x0,0x0,0x0,0x0,0x0,0x0,0x0,0x0,0x0,0x0,0x0,0x0,0x0,0x0,0x0,0x0,0xff,0xff,0x0,0x0,0x1,0x0,0x1c0,0x19e,0x0,0,0x0,255,0,0x9,0x0,0x0
,0x81c33a0,0x0,0x0,0x0,0x0,0x0,0x0,0x0,0x0,0x0,0x35,0x0,1,0,0x0,0x0,0x0,0x12,0x17,0xf,0x12,0x17,0xf,0xffff,0xffff,0xb,0xffff,0xffff,100,0,0,0,0,0,0,0,0,0,0,0,0,0,0,0,0,0,0,0,0,0,0,0,0,0,0,0,0,0,0,0,0,0,0,0,0,0,0,0x0,0x0,0x0,0x0,0x0,0x0,0x0,0x0,0x0,0x0,0x0,0x0,0x0,0x0,0x0,0x0,0xff,0xff,0x0,0x0,0x1,0x0,0x1c0,0x19e,0x0,0,0x0,255,0,0x9,0x0,0x0
,0x81c33a4,0x0,0x0,0x0,0x0,0x0,0x0,0x0,0x0,0x0,0x36,0x0,1,0,0x0,0x0,0x0,0x12,0x17,0xf,0x12,0x17,0xf,0xffff,0xffff,0xb,0xffff,0xffff,100,0,0,0,0,0,0,0,0,0,0,0,0,0,0,0,0,0,0,0,0,0,0,0,0,0,0,0,0,0,0,0,0,0,0,0,0,0,0,0x0,0x0,0x0,0x0,0x0,0x0,0x0,0x0,0x0,0x0,0x0,0x0,0x0,0x0,0x0,0x0,0xff,0xff,0x0,0x0,0x1,0x0,0x1c0,0x19e,0x0,0,0x0,255,0,0x9,0x0,0x0
,0x81c33a8,0x0,0x0,0x0,0x0,0x0,0x0,0x0,0x0,0x0,0x37,0x0,1,0,0x0,0x0,0x0,0x12,0x17,0xf,0x12,0x17,0xf,0xffff,0xffff,0xb,0xffff,0xffff,100,0,0,0,0,0,0,0,0,0,0,0,0,0,0,0,0,0,0,0,0,0,0,0,0,0,0,0,0,0,0,0,0,0,0,0,0,0,0,0x0,0x0,0x0,0x0,0x0,0x0,0x0,0x0,0x0,0x0,0x0,0x0,0x0,0x0,0x0,0x0,0xff,0xff,0x0,0x0,0x1,0x0,0x1c0,0x19e,0x0,0,0x0,255,0,0x9,0x0,0x0
,0x81c33ac,0x0,0x0,0x0,0x0,0x0,0x0,0x0,0x0,0x0,0x38,0x0,1,0,0x0,0x0,0x0,0x9,0x13,0xf,0x9,0x13,0xf,0xffff,0xffff,0xb,0xffff,0xffff,100,0,0,0,0,0,0,0,0,0,0,0,0,0,0,0,0,0,0,0,0,0,0,0,0,0,0,0,0,0,0,0,0,0,0,0,0,0,0,0x0,0x0,0x0,0x0,0x0,0x0,0x0,0x0,0x0,0x0,0x0,0x0,0x0,0x0,0x0,0x0,0xff,0xff,0x0,0x0,0x0,0x0,0x1c0,0x19e,0x0,0,0x0,255,0,0x9,0x0,0x0
,0x81c33b0,0x0,0x0,0x0,0x0,0x0,0x0,0x0,0x0,0x0,0x39,0x0,1,0,0x0,0x0,0x0,0xd,0x15,0xf,0xd,0x15,0xf,0xffff,0xffff,0xb,0xffff,0xffff,100,0,0,0,0,0,0,0,0,0,0,0,0,0,0,0,0,0,0,0,0,0,0,0,0,0,0,0,0,0,0,0,0,0,0,0,0,0,0,0x0,0x0,0x0,0x0,0x0,0x0,0x0,0x0,0x0,0x0,0x0,0x0,0x0,0x0,0x0,0x0,0xff,0xff,0x0,0x0,0x1,0x0,0x1c0,0x19e,0x0,0,0x0,255,0,0x1d,0x0,0x0
3A Link Arena,0x81c3380,0x0,0x0,0x0,0x0,0x0,0x0,0x0,0x0,0x0,0x0,0x0,1,0,0x0,0x0,0x0,0xffff,0xffff,0xffff,0xffff,0xffff,0xffff,0xffff,0xffff,0xffff,0xffff,0xffff,100,0,0,0,0,0,0,0,0,0,0,0,0,0,0,0,0,0,0,0,0,0,0,0,0,0,0,0,0,0,0,0,0,0,0,0,0,0,0,0x0,0x0,0x0,0x0,0x0,0x0,0x0,0x0,0x0,0x0,0x0,0x0,0x0,0x0,0x0,0x0,0xff,0xff,0x0,0x0,0x0,0x0,0x0,0x0,0x0,0,0x0,255,0,0x0,0x0,0x0
,0x81c33b4,0x0,0x0,0x0,0x0,0x0,0x0,0x0,0x0,0x0,0x0,0x0,1,0,0x0,0x0,0x0,0x9,0x13,0xf,0x9,0x13,0xf,0xffff,0xffff,0xb,0xffff,0xffff,100,0,0,0,0,0,0,0,0,0,0,0,0,0,0,0,0,0,0,0,0,0,0,0,0,0,0,0,0,0,0,0,0,0,0,0,0,0,0,0x0,0x0,0x0,0x0,0x0,0x0,0x0,0x0,0x0,0x0,0x0,0x0,0x0,0x0,0x0,0x0,0xff,0xff,0x0,0x0,0x0,0x0,0x1c0,0x19e,0x0,0,0x0,255,0,0x9,0x0,0x0
,0x81c33b8,0x0,0x0,0x0,0x0,0x0,0x0,0x0,0x0,0x0,0x0,0x0,1,0,0x0,0x0,0x0,0x9,0x13,0xf,0x9,0x13,0xf,0xffff,0xffff,0xb,0xffff,0xffff,100,0,0,0,0,0,0,0,0,0,0,0,0,0,0,0,0,0,0,0,0,0,0,0,0,0,0,0,0,0,0,0,0,0,0,0,0,0,0,0x0,0x0,0x0,0x0,0x0,0x0,0x0,0x0,0x0,0x0,0x0,0x0,0x0,0x0,0x0,0x0,0xff,0xff,0x0,0x0,0x0,0x0,0x1c0,0x19e,0x0,0,0x0,255,0,0x9,0x0,0x0
,0x81c33bc,0x0,0x0,0x0,0x0,0x0,0x0,0x0,0x0,0x0,0x3d,0x0,1,0,0x0,0x0,0x0,0x11,0x18,0xf,0x11,0x18,0xf,0xffff,0xffff,0xb,0xffff,0xffff,100,0,0,0,0,0,0,0,0,0,0,0,0,0,0,0,0,0,0,0,0,0,0,0,0,0,0,0,0,0,0,0,0,0,0,0,0,0,0,0x0,0x0,0x0,0x0,0x0,0x0,0x0,0x0,0x0,0x0,0x0,0x0,0x0,0x0,0x0,0x0,0xff,0xff,0x0,0x0,0x1,0x0,0x1ae,0x19e,0x0,0,0x0,255,0,0x1a,0x0,0x0
,0x81c33c4,0x0,0x0,0x0,0x0,0x0,0x0,0x0,0x0,0x0,0x3e,0x0,1,0,0x0,0x0,0x0,0x11,0x18,0xf,0x11,0x18,0xf,0xffff,0xffff,0xb,0xffff,0xffff,100,0,0,0,0,0,0,0,0,0,0,0,0,0,0,0,0,0,0,0,0,0,0,0,0,0,0,0,0,0,0,0,0,0,0,0,0,0,0,0x0,0x0,0x0,0x0,0x0,0x0,0x0,0x0,0x0,0x0,0x0,0x0,0x0,0x0,0x0,0x0,0xff,0xff,0x0,0x0,0x1,0x0,0x1bc,0x19e,0x0,0,0x0,255,0,0x8,0x0,0x0
,0x81c3380,0x0,0x0,0x0,0x0,0x0,0x0,0x0,0x0,0x0,0x0,0x0,1,0,0x0,0x0,0x0,0xffff,0xffff,0xffff,0xffff,0xffff,0xffff,0xffff,0xffff,0xffff,0xffff,0xffff,100,0,0,0,0,0,0,0,0,0,0,0,0,0,0,0,0,0,0,0,0,0,0,0,0,0,0,0,0,0,0,0,0,0,0,0,0,0,0,0x0,0x0,0x0,0x0,0x0,0x0,0x0,0x0,0x0,0x0,0x0,0x0,0x0,0x0,0x0,0x0,0xff,0xff,0x0,0x0,0x0,0x0,0x0,0x0,0x0,0,0x0,255,0,0x0,0x0,0x0
,0x81c3380,0x0,0x0,0x0,0x0,0x0,0x0,0x0,0x0,0x0,0x0,0x0,1,0,0x0,0x0,0x0,0xffff,0xffff,0xffff,0xffff,0xffff,0xffff,0xffff,0xffff,0xffff,0xffff,0xffff,100,0,0,0,0,0,0,0,0,0,0,0,0,0,0,0,0,0,0,0,0,0,0,0,0,0,0,0,0,0,0,0,0,0,0,0,0,0,0,0x0,0x0,0x0,0x0,0x0,0x0,0x0,0x0,0x0,0x0,0x0,0x0,0x0,0x0,0x0,0x0,0xff,0xff,0x0,0x0,0x0,0x0,0x0,0x0,0x0,0,0x0,255,0,0x0,0x0,0x0
,0x81c3380,0x0,0x0,0x0,0x0,0x0,0x0,0x0,0x0,0x0,0x0,0x0,1,0,0x0,0x0,0x0,0xffff,0xffff,0xffff,0xffff,0xffff,0xffff,0xffff,0xffff,0xffff,0xffff,0xffff,100,0,0,0,0,0,0,0,0,0,0,0,0,0,0,0,0,0,0,0,0,0,0,0,0,0,0,0,0,0,0,0,0,0,0,0,0,0,0,0x0,0x0,0x0,0x0,0x0,0x0,0x0,0x0,0x0,0x0,0x0,0x0,0x0,0x0,0x0,0x0,0xff,0xff,0x0,0x0,0x0,0x0,0x0,0x0,0x0,0,0x0,255,0,0x0,0x0,0x0
,0x81c3380,0x0,0x0,0x0,0x0,0x0,0x0,0x0,0x0,0x0,0x0,0x0,1,0,0x0,0x0,0x0,0xffff,0xffff,0xffff,0xffff,0xffff,0xffff,0xffff,0xffff,0xffff,0xffff,0xffff,100,0,0,0,0,0,0,0,0,0,0,0,0,0,0,0,0,0,0,0,0,0,0,0,0,0,0,0,0,0,0,0,0,0,0,0,0,0,0,0x0,0x0,0x0,0x0,0x0,0x0,0x0,0x0,0x0,0x0,0x0,0x0,0x0,0x0,0x0,0x0,0xff,0xff,0x0,0x0,0x0,0x0,0x0,0x0,0x0,0,0x0,255,0,0x0,0x0,0x0
,0x81c3380,0x0,0x0,0x0,0x0,0x0,0x0,0x0,0x0,0x0,0x0,0x0,1,0,0x0,0x0,0x0,0xffff,0xffff,0xffff,0xffff,0xffff,0xffff,0xffff,0xffff,0xffff,0xffff,0xffff,100,0,0,0,0,0,0,0,0,0,0,0,0,0,0,0,0,0,0,0,0,0,0,0,0,0,0,0,0,0,0,0,0,0,0,0,0,0,0,0x0,0x0,0x0,0x0,0x0,0x0,0x0,0x0,0x0,0x0,0x0,0x0,0x0,0x0,0x0,0x0,0xff,0xff,0x0,0x0,0x0,0x0,0x0,0x0,0x0,0,0x0,255,0,0x0,0x0,0x0
,0x81c3380,0x0,0x0,0x0,0x0,0x0,0x0,0x0,0x0,0x0,0x0,0x0,1,0,0x0,0x0,0x0,0xffff,0xffff,0xffff,0xffff,0xffff,0xffff,0xffff,0xffff,0xffff,0xffff,0xffff,100,0,0,0,0,0,0,0,0,0,0,0,0,0,0,0,0,0,0,0,0,0,0,0,0,0,0,0,0,0,0,0,0,0,0,0,0,0,0,0x0,0x0,0x0,0x0,0x0,0x0,0x0,0x0,0x0,0x0,0x0,0x0,0x0,0x0,0x0,0x0,0xff,0xff,0x0,0x0,0x0,0x0,0x0,0x0,0x0,0,0x0,255,0,0x0,0x0,0x0
,0x81c3380,0x0,0x0,0x0,0x0,0x0,0x0,0x0,0x0,0x0,0x0,0x0,1,0,0x0,0x0,0x0,0xffff,0xffff,0xffff,0xffff,0xffff,0xffff,0xffff,0xffff,0xffff,0xffff,0xffff,100,0,0,0,0,0,0,0,0,0,0,0,0,0,0,0,0,0,0,0,0,0,0,0,0,0,0,0,0,0,0,0,0,0,0,0,0,0,0,0x0,0x0,0x0,0x0,0x0,0x0,0x0,0x0,0x0,0x0,0x0,0x0,0x0,0x0,0x0,0x0,0xff,0xff,0x0,0x0,0x0,0x0,0x0,0x0,0x0,0,0x0,255,0,0x0,0x0,0x0
,0x81c3380,0x0,0x0,0x0,0x0,0x0,0x0,0x0,0x0,0x0,0x0,0x0,1,0,0x0,0x0,0x0,0xffff,0xffff,0xffff,0xffff,0xffff,0xffff,0xffff,0xffff,0xffff,0xffff,0xffff,100,0,0,0,0,0,0,0,0,0,0,0,0,0,0,0,0,0,0,0,0,0,0,0,0,0,0,0,0,0,0,0,0,0,0,0,0,0,0,0x0,0x0,0x0,0x0,0x0,0x0,0x0,0x0,0x0,0x0,0x0,0x0,0x0,0x0,0x0,0x0,0xff,0xff,0x0,0x0,0x0,0x0,0x0,0x0,0x0,0,0x0,255,0,0x0,0x0,0x0
,0x81c3380,0x0,0x0,0x0,0x0,0x0,0x0,0x0,0x0,0x0,0x0,0x0,1,0,0x0,0x0,0x0,0xffff,0xffff,0xffff,0xffff,0xffff,0xffff,0xffff,0xffff,0xffff,0xffff,0xffff,100,0,0,0,0,0,0,0,0,0,0,0,0,0,0,0,0,0,0,0,0,0,0,0,0,0,0,0,0,0,0,0,0,0,0,0,0,0,0,0x0,0x0,0x0,0x0,0x0,0x0,0x0,0x0,0x0,0x0,0x0,0x0,0x0,0x0,0x0,0x0,0xff,0xff,0x0,0x0,0x0,0x0,0x0,0x0,0x0,0,0x0,255,0,0x0,0x0,0x0
,0x81c3380,0x0,0x0,0x0,0x0,0x0,0x0,0x0,0x0,0x0,0x0,0x0,1,0,0x0,0x0,0x0,0xffff,0xffff,0xffff,0xffff,0xffff,0xffff,0xffff,0xffff,0xffff,0xffff,0xffff,100,0,0,0,0,0,0,0,0,0,0,0,0,0,0,0,0,0,0,0,0,0,0,0,0,0,0,0,0,0,0,0,0,0,0,0,0,0,0,0x0,0x0,0x0,0x0,0x0,0x0,0x0,0x0,0x0,0x0,0x0,0x0,0x0,0x0,0x0,0x0,0xff,0xff,0x0,0x0,0x0,0x0,0x0,0x0,0x0,0,0x0,255,0,0x0,0x0,0x0
,0x81c3380,0x0,0x0,0x0,0x0,0x0,0x0,0x0,0x0,0x0,0x0,0x0,1,0,0x0,0x0,0x0,0xffff,0xffff,0xffff,0xffff,0xffff,0xffff,0xffff,0xffff,0xffff,0xffff,0xffff,100,0,0,0,0,0,0,0,0,0,0,0,0,0,0,0,0,0,0,0,0,0,0,0,0,0,0,0,0,0,0,0,0,0,0,0,0,0,0,0x0,0x0,0x0,0x0,0x0,0x0,0x0,0x0,0x0,0x0,0x0,0x0,0x0,0x0,0x0,0x0,0xff,0xff,0x0,0x0,0x0,0x0,0x0,0x0,0x0,0,0x0,255,0,0x0,0x0,0x0
,0x81c3380,0x0,0x0,0x0,0x0,0x0,0x0,0x0,0x0,0x0,0x0,0x0,1,0,0x0,0x0,0x0,0xffff,0xffff,0xffff,0xffff,0xffff,0xffff,0xffff,0xffff,0xffff,0xffff,0xffff,100,0,0,0,0,0,0,0,0,0,0,0,0,0,0,0,0,0,0,0,0,0,0,0,0,0,0,0,0,0,0,0,0,0,0,0,0,0,0,0x0,0x0,0x0,0x0,0x0,0x0,0x0,0x0,0x0,0x0,0x0,0x0,0x0,0x0,0x0,0x0,0xff,0xff,0x0,0x0,0x0,0x0,0x0,0x0,0x0,0,0x0,255,0,0x0,0x0,0x0
,0x81c3380,0x0,0x0,0x0,0x0,0x0,0x0,0x0,0x0,0x0,0x0,0x0,1,0,0x0,0x0,0x0,0xffff,0xffff,0xffff,0xffff,0xffff,0xffff,0xffff,0xffff,0xffff,0xffff,0xffff,100,0,0,0,0,0,0,0,0,0,0,0,0,0,0,0,0,0,0,0,0,0,0,0,0,0,0,0,0,0,0,0,0,0,0,0,0,0,0,0x0,0x0,0x0,0x0,0x0,0x0,0x0,0x0,0x0,0x0,0x0,0x0,0x0,0x0,0x0,0x0,0xff,0xff,0x0,0x0,0x0,0x0,0x0,0x0,0x0,0,0x0,255,0,0x0,0x0,0x0
,0x81c3380,0x0,0x0,0x0,0x0,0x0,0x0,0x0,0x0,0x0,0x0,0x0,1,0,0x0,0x0,0x0,0xffff,0xffff,0xffff,0xffff,0xffff,0xffff,0xffff,0xffff,0xffff,0xffff,0xffff,100,0,0,0,0,0,0,0,0,0,0,0,0,0,0,0,0,0,0,0,0,0,0,0,0,0,0,0,0,0,0,0,0,0,0,0,0,0,0,0x0,0x0,0x0,0x0,0x0,0x0,0x0,0x0,0x0,0x0,0x0,0x0,0x0,0x0,0x0,0x0,0xff,0xff,0x0,0x0,0x0,0x0,0x0,0x0,0x0,0,0x0,255,0,0x0,0x0,0x0
,0x81c3380,0x0,0x0,0x0,0x0,0x0,0x0,0x0,0x0,0x0,0x0,0x0,1,0,0x0,0x0,0x0,0xffff,0xffff,0xffff,0xffff,0xffff,0xffff,0xffff,0xffff,0xffff,0xffff,0xffff,100,0,0,0,0,0,0,0,0,0,0,0,0,0,0,0,0,0,0,0,0,0,0,0,0,0,0,0,0,0,0,0,0,0,0,0,0,0,0,0x0,0x0,0x0,0x0,0x0,0x0,0x0,0x0,0x0,0x0,0x0,0x0,0x0,0x0,0x0,0x0,0xff,0xff,0x0,0x0,0x0,0x0,0x0,0x0,0x0,0,0x0,255,0,0x0,0x0,0x0
,0x81c3380,0x0,0x0,0x0,0x0,0x0,0x0,0x0,0x0,0x0,0x0,0x0,1,0,0x0,0x0,0x0,0xffff,0xffff,0xffff,0xffff,0xffff,0xffff,0xffff,0xffff,0xffff,0xffff,0xffff,100,0,0,0,0,0,0,0,0,0,0,0,0,0,0,0,0,0,0,0,0,0,0,0,0,0,0,0,0,0,0,0,0,0,0,0,0,0,0,0x0,0x0,0x0,0x0,0x0,0x0,0x0,0x0,0x0,0x0,0x0,0x0,0x0,0x0,0x0,0x0,0xff,0xff,0x0,0x0,0x0,0x0,0x0,0x0,0x0,0,0x0,255,0,0x0,0x0,0x0
