0x809B10,Name,Description,Use Desc,ID,Type,ItemAbility,Stat Boosts,Effectiveness,Uses,Mt,Hit,Wt,Crit,Range,Price Per Use,Weapon Level,Icon,Use Effect,Weapon Effect,Weapon EXP,Debuff Type,IER Byte,Item Skill
Nothing,0x0,0x0,0x0,0x0,0x0,0x0,0x0,0x0,0,0,0,0,0,0x0,0,NoRank,0x0,0x0,NoEffect,0,0x0,0x0,0x0
IronSword,IronSwordName,BlankDescription,0x0,0x1,0x0,IsWeapon,0x0,0x0,46,5,85,5,0,0x11,10,ERank,IronSword_ItemIcon,0x0,NoEffect,1,0x0,0x0,0x0
SlimSword,SlimSwordName,BlankDescription,0x0,0x2,0x0,IsWeapon,0x0,0x0,30,3,95,2,5,0x11,16,ERank,SlimSword_ItemIcon,0x0,NoEffect,1,0x0,0x0,0x0
SteelSword,SteelSwordName,BlankDescription,0x0,0x3,0x0,IsWeapon,0x0,0x0,30,8,70,10,0,0x11,20,DRank,SteelSword_ItemIcon,0x0,NoEffect,1,0x0,0x0,0x0
SilverSword,SilverSwordName,BlankDescription,0x0,0x4,0x0,IsWeapon,0x0,0x0,20,13,75,8,0,0x11,75,ARank,SilverSword_ItemIcon,0x0,NoEffect,1,0x0,0x0,0x0
IronBlade,IronBladeName,BlankDescription,0x0,0x5,0x0,IsWeapon,0x0,0x0,35,9,65,12,0,0x11,28,DRank,IronBlade_ItemIcon,0x0,NoEffect,1,0x0,0x0,0x0
SteelBlade,SteelBladeName,BlankDescription,0x0,0x6,0x0,IsWeapon,0x0,0x0,25,11,60,14,0,0x11,50,CRank,SteelBlade_ItemIcon,0x0,NoEffect,1,0x0,0x0,0x0
SilverBlade,SilverBladeName,BlankDescription,0x0,0x7,0x0,IsWeapon,0x0,0x0,15,14,55,13,0,0x11,120,ARank,SilverBlade_ItemIcon,0x0,NoEffect,1,0x0,0x0,0x0
PoisonSword,PoisonSwordName,PoisonWepDescription,0x0,0x8,0x0,IsWeapon,0x0,0x0,40,3,70,6,0,0x11,0,DRank,PoisonSword_ItemIcon,0x0,PoisonEffect,1,0x0,0x0,0x0
KillingEdge,KillingEdgeName,KillerWepDescription,0x0,0x9,0x0,IsWeapon,0x0,0x0,20,9,80,7,30,0x11,65,CRank,KillingEdge_ItemIcon,0x0,NoEffect,1,0x0,0x0,0x0
BraveSword,BraveSwordName,BraveWepDescription,0x0,0xa,0x0,IsWeapon|IsBrave,0x0,0x0,30,9,80,12,0,0x11,100,BRank,BraveSword_ItemIcon,0x0,NoEffect,1,0x0,0x0,0x0
Lancereaver,LancereaverName,LancereaverDescription,0x0,0xb,0x0,IsWeapon|ReverseTriangle,0x0,0x0,15,9,80,9,5,0x11,120,CRank,Lancereaver_ItemIcon,0x0,NoEffect,1,0x0,0x0,0x0
LightBrand,LightBrandName,LightBrandDescription,0x0,0xc,0x0,IsWeapon|MagicDamage,0x0,0x0,25,9,70,9,0,0x12,50,CRank,LightBrand_ItemIcon,0x0,NoEffect,1,0x0,0x0,0x0
Runesword,RuneswordName,RuneswordDescription,0x0,0xd,0x0,IsWeapon|MagicDamage,0x0,0x0,15,12,60,11,0,0x12,220,ARank,Runesword_ItemIcon,0x0,NosferatuEffect,1,0x0,0x0,0x0
Armorslayer,ArmorslayerName,ArmorEffectiveDescription,0x0,0xe,0x0,IsWeapon,0x0,ArmorEffectiveness|IsPointer,18,8,85,11,0,0x11,70,DRank,Armorslayer_ItemIcon,0x0,NoEffect,1,0x0,0x0,0x0
Wyrmslayer,WyrmslayerName,DragonEffectiveDescription,0x0,0xf,0x0,IsWeapon,0x0,DragonEffectiveness|IsPointer,15,10,70,5,0,0x11,150,CRank,Wyrmslayer_ItemIcon,0x0,NoEffect,1,0x0,0x0,0x0
Rapier,RapierName,RapierDescription,0x0,0x10,0x0,IsWeapon|Unsellable|EirikaLock,0x0,RapierEffectiveness|IsPointer,25,5,95,5,10,0x11,80,NoRank,Rapier_ItemIcon,0x0,NoEffect,1,0x0,0x0,0x0
WoDao,WoDaoName,KillerWepDescription,0x0,0x11,0x0,IsWeapon|SwordmasterLock,0x0,0x0,20,8,75,5,40,0x11,60,DRank,WoDao_ItemIcon,0x0,NoEffect,1,0x0,0x0,0x0
,0x0,BlankDescription,0x0,0x12,0x0,0x0,0x0,0x0,0,0,0,0,0,0x11,0,NoRank,0x0,0x0,0x0,0x0,0x0,0x0,0x0
IronLance,IronLanceName,BlankDescription,0x0,0x13,0x1,IsWeapon,0x0,0x0,45,7,70,8,0,0x11,8,ERank,IronLance_ItemIcon,0x0,NoEffect,1,0x0,0x0,0x0
SlimLance,SlimLanceName,BlankDescription,0x0,0x14,0x1,IsWeapon,0x0,0x0,30,4,80,4,5,0x11,15,ERank,SlimLance_ItemIcon,0x0,NoEffect,1,0x0,0x0,0x0
SteelLance,SteelLanceName,BlankDescription,0x0,0x15,0x1,IsWeapon,0x0,0x0,30,10,55,13,0,0x11,16,DRank,SteelLance_ItemIcon,0x0,NoEffect,1,0x0,0x0,0x0
SilverLance,SilverLanceName,BlankDescription,0x0,0x16,0x1,IsWeapon,0x0,0x0,20,14,65,10,0,0x11,60,ARank,SilverLance_ItemIcon,0x0,NoEffect,1,0x0,0x0,0x0
ToxinLance,ToxinLanceName,PoisonWepDescription,0x0,0x17,0x1,IsWeapon,0x0,0x0,40,4,55,8,0,0x11,0,ERank,ToxinLance_ItemIcon,0x0,PoisonEffect,1,0x0,0x0,0x0
KillerLance,KillerLanceName,KillerWepDescription,0x0,0x18,0x1,IsWeapon,0x0,0x0,20,10,75,9,30,0x11,60,CRank,KillerLance_ItemIcon,0x0,NoEffect,1,0x0,0x0,0x0
BraveLance,BraveLanceName,BraveWepDescription,0x0,0x19,0x1,IsWeapon|IsBrave,0x0,0x0,30,10,70,14,0,0x11,80,BRank,BraveLance_ItemIcon,0x0,NoEffect,1,0x0,0x0,0x0
Axereaver,AxereaverName,AxereaverDescription,0x0,0x1a,0x1,IsWeapon|ReverseTriangle,0x0,0x0,15,10,75,11,5,0x11,130,CRank,Axereaver_ItemIcon,0x0,NoEffect,1,0x0,0x0,0x0
Javelin,JavelinName,RangedWepDescription,0x0,0x1b,0x1,IsWeapon,0x0,0x0,20,6,55,11,0,0x12,20,ERank,Javelin_ItemIcon,0x0,NoEffect,1,0x0,0x0,0x0
Spear,SpearName,RangedWepDescription,0x0,0x1c,0x1,IsWeapon,0x0,0x0,15,10,65,10,5,0x12,100,BRank,Spear_ItemIcon,0x0,NoEffect,1,0x0,0x0,0x0
Horseslayer,HorseslayerName,HorseEffectiveDescription,0x0,0x1d,0x1,IsWeapon,0x0,HorseEffectiveness|IsPointer,16,11,75,13,0,0x11,65,DRank,Horseslayer_ItemIcon,0x0,NoEffect,1,0x0,0x0,0x0
,0x0,BlankDescription,0x0,0x1e,0x0,0x0,0x0,0x0,0,0,0,0,0,0x11,0,NoRank,0x0,0x0,0x0,0x0,0x0,0x0,0x0
IronAxe,IronAxeName,BlankDescription,0x0,0x1f,0x2,IsWeapon,0x0,0x0,45,8,65,10,0,0x11,6,ERank,IronAxe_ItemIcon,0x0,NoEffect,1,0x0,0x0,0x0
SteelAxe,SteelAxeName,BlankDescription,0x0,0x20,0x2,IsWeapon,0x0,0x0,30,11,50,15,0,0x11,12,ERank,SteelAxe_ItemIcon,0x0,NoEffect,1,0x0,0x0,0x0
SilverAxe,SilverAxeName,BlankDescription,0x0,0x21,0x2,IsWeapon,0x0,0x0,20,15,55,12,0,0x11,50,ARank,SilverAxe_ItemIcon,0x0,NoEffect,1,0x0,0x0,0x0
PoisonAxe,PoisonAxeName,PoisonWepDescription,0x0,0x22,0x2,IsWeapon,0x0,0x0,40,4,50,10,0,0x11,0,DRank,PoisonAxe_ItemIcon,0x0,PoisonEffect,1,0x0,0x0,0x0
KillerAxe,KillerAxeName,KillerWepDescription,0x0,0x23,0x2,IsWeapon,0x0,0x0,20,11,65,11,30,0x11,50,CRank,KillerAxe_ItemIcon,0x0,NoEffect,1,0x0,0x0,0x0
BraveAxe,BraveAxeName,BraveWepDescription,0x0,0x24,0x2,IsWeapon|IsBrave,0x0,0x0,30,10,55,16,0,0x11,75,BRank,BraveAxe_ItemIcon,0x0,NoEffect,1,0x0,0x0,0x0
Swordreaver,SwordreaverName,SwordreaverDescription,0x0,0x25,0x2,IsWeapon|ReverseTriangle,0x0,0x0,20,11,60,13,5,0x11,140,CRank,Swordreaver_ItemIcon,0x0,NoEffect,1,0x0,0x0,0x0
HandAxe,HandAxeName,RangedWepDescription,0x0,0x26,0x2,IsWeapon,0x0,0x0,20,7,50,12,0,0x12,15,ERank,HandAxe_ItemIcon,0x0,NoEffect,1,0x0,0x0,0x0
Tomahawk,TomahawkName,RangedWepDescription,0x0,0x27,0x2,IsWeapon,0x0,0x0,15,13,55,14,0,0x12,200,ARank,Tomahawk_ItemIcon,0x0,NoEffect,1,0x0,0x0,0x0
Hammer,HammerName,ArmorEffectiveDescription,0x0,0x28,0x2,IsWeapon,0x0,ArmorEffectiveness|IsPointer,20,8,45,15,0,0x11,40,DRank,Hammer_ItemIcon,0x0,NoEffect,1,0x0,0x0,0x0
Halberd,HalberdName,HorseEffectiveDescription,0x0,0x29,0x2,IsWeapon,0x0,HorseEffectiveness|IsPointer,18,10,55,15,0,0x11,45,DRank,Halberd_ItemIcon,0x0,NoEffect,1,0x0,0x0,0x0
DevilAxe,DevilAxeName,DevilAxeDescription,0x0,0x2a,0x2,IsWeapon,0x0,0x0,20,18,55,18,0,0x11,45,ERank,DevilAxe_ItemIcon,0x0,DevilEffect,1,0x0,0x0,0x0
,0x0,BlankDescription,0x0,0x2b,0x0,0x0,0x0,0x0,0,0,0,0,0,0x11,0,NoRank,0x0,0x0,0x0,0x0,0x0,0x0,0x0
IronBow,IronBowName,BlankDescription,0x0,0x2c,0x3,IsWeapon,0x0,FlierEffectiveness|IsPointer,45,6,80,5,0,0x22,12,ERank,IronBow_ItemIcon,0x0,NoEffect,1,0x0,0x0,0x0
SteelBow,SteelBowName,BlankDescription,0x0,0x2d,0x3,IsWeapon,0x0,FlierEffectiveness|IsPointer,30,9,65,9,0,0x22,24,DRank,SteelBow_ItemIcon,0x0,NoEffect,1,0x0,0x0,0x0
SilverBow,SilverBowName,BlankDescription,0x0,0x2e,0x3,IsWeapon,0x0,FlierEffectiveness|IsPointer,20,13,70,6,0,0x22,80,ARank,SilverBow_ItemIcon,0x0,NoEffect,1,0x0,0x0,0x0
PoisonBow,PoisonBowName,PoisonWepDescription,0x0,0x2f,0x3,IsWeapon,0x0,FlierEffectiveness|IsPointer,40,4,65,5,0,0x22,0,DRank,PoisonBow_ItemIcon,0x0,PoisonEffect,1,0x0,0x0,0x0
KillerBow,KillerBowName,KillerWepDescription,0x0,0x30,0x3,IsWeapon,0x0,FlierEffectiveness|IsPointer,20,9,80,7,30,0x22,70,CRank,KillerBow_ItemIcon,0x0,NoEffect,1,0x0,0x0,0x0
BraveBow,BraveBowName,BraveWepDescription,0x0,0x31,0x3,IsWeapon|IsBrave,0x0,FlierEffectiveness|IsPointer,30,10,75,12,0,0x22,120,BRank,BraveBow_ItemIcon,0x0,NoEffect,1,0x0,0x0,0x0
ShortBow,ShortBowName,KillerWepDescription,0x0,0x32,0x3,IsWeapon,0x0,FlierEffectiveness|IsPointer,22,5,80,3,10,0x22,80,DRank,ShortBow_ItemIcon,0x0,NoEffect,1,0x0,0x0,0x0
Longbow,LongbowName,LongbowDescription,0x0,0x33,0x3,IsWeapon,0x0,FlierEffectiveness|IsPointer,20,5,55,10,0,0x23,100,DRank,Longbow_ItemIcon,0x0,NoEffect,1,0x0,0x0,0x0
,0x0,BlankDescription,0x0,0x34,0x0,0x0,0x0,0x0,0,0,0,0,0,0x11,0,NoRank,0x0,0x0,0x0,0x0,0x0,0x0,0x0
Ballista,BallistaName,BallistaDescription,0x0,0x35,0x3,IsWeapon|Uncounterable,0x0,FlierEffectiveness|IsPointer,5,8,70,20,0,0x3a,0,ERank,Ballista_ItemIcon,0x0,NoEffect,1,0x0,0x0,0x0
IronBallista,IronBallistaName,IronBallistaDescription,0x0,0x36,0x3,IsWeapon|Uncounterable,0x0,FlierEffectiveness|IsPointer,5,13,60,20,0,0x3f,0,ERank,IronBallista_ItemIcon,0x0,NoEffect,1,0x0,0x0,0x0
KillerBallista,KillerBallistaName,KillerBallistaDescription,0x0,0x37,0x3,IsWeapon|Uncounterable,0x0,FlierEffectiveness|IsPointer,5,12,65,20,10,0x3a,0,ERank,KillerBallista_ItemIcon,0x0,NoEffect,1,0x0,0x0,0x0
,0x0,BlankDescription,0x0,0x38,0x0,0x0,0x0,0x0,0,0,0,0,0,0x11,0,NoRank,0x0,0x0,0x0,0x0,0x0,0x0,0x0
Fire,FireName,BlankDescription,0x0,0x39,0x5,IsWeapon|IsMagic,0x0,0x0,30,5,95,1,0,0x12,14,ERank,Fire_ItemIcon,0x0,NoEffect,1,0x0,0x0,0x0
Thunder,ThunderName,BlankDescription,0x0,0x3a,0x5,IsWeapon|IsMagic,0x0,0x0,25,6,80,2,5,0x12,20,DRank,Thunder_ItemIcon,0x0,NoEffect,1,0x0,0x0,0x0
Elfire,ElfireName,BlankDescription,0x0,0x3b,0x5,IsWeapon|IsMagic,0x0,0x0,20,8,75,4,0,0x12,40,CRank,Elfire_ItemIcon,0x0,NoEffect,1,0x0,0x0,0x0
Aircalibur,AircaliburName,FlierEffectiveDescription,0x0,0x3c,0x5,IsWeapon|IsMagic,0x0,FlierEffectiveness|IsPointer,20,8,85,2,0,0x12,55,BRank,Aircalibur_ItemIcon,0x0,NoEffect,1,0x0,0x0,0x0
Fimbulvetr,FimbulvetrName,BlankDescription,0x0,0x3d,0x5,IsWeapon|IsMagic,0x0,0x0,15,13,80,8,0,0x12,260,ARank,Fimbulvetr_ItemIcon,0x0,NoEffect,1,0x0,0x0,0x0
Bolting,BoltingName,BoltingDescription,0x0,0x3e,0x5,IsWeapon|IsMagic|Uncounterable,0x0,0x0,5,12,70,10,0,0x3a,600,BRank,Bolting_ItemIcon,0x0,CannotDoubleEffect,1,0x0,0x0,0x0
,0x0,BlankDescription,0x0,0x3f,0x0,0x0,0x0,0x0,0,0,0,0,0,0x11,0,NoRank,0x0,0x0,0x0,0x0,0x0,0x0,0x0
Lightning,LightningName,BlankDescription,0x0,0x44,0x6,IsWeapon|IsMagic,0x0,0x0,30,5,75,1,0,0x12,18,ERank,Lightning_ItemIcon,0x0,NoEffect,1,0x0,0x0,0x0
Divine,DivineName,BlankDescription,0x0,0x45,0x6,IsWeapon|IsMagic,0x0,0x0,25,8,65,3,0,0x12,50,CRank,Divine_ItemIcon,0x0,NoEffect,1,0x0,0x0,0x0
Purge,PurgeName,PurgeDescription,0x0,0x46,0x6,IsWeapon|IsMagic|Uncounterable,0x0,0x0,5,10,70,8,0,0x3a,700,BRank,Purge_ItemIcon,0x0,CannotDoubleEffect,1,0x0,0x0,0x0
,0x0,BlankDescription,0x0,0x43,0x0,0x0,0x0,0x0,0,0,0,0,0,0x11,0,NoRank,0x0,0x0,0x0,0x0,0x0,0x0,0x0
Flux,FluxName,BlankDescription,0x0,0x47,0x7,IsWeapon|IsMagic,0x0,0x0,30,8,70,5,0,0x12,26,DRank,Flux_ItemIcon,0x0,NoEffect,1,0x0,0x0,0x0
Nosferatu,NosferatuName,NosferatuDescription,0x0,0x48,0x7,IsWeapon|IsMagic,0x0,0x0,20,10,70,6,0,0x12,150,CRank,Nosferatu_ItemIcon,0x0,NosferatuEffect,1,0x0,0x0,0x0
Fenrir,FenrirName,BlankDescription,0x0,0x49,0x7,IsWeapon|IsMagic,0x0,0x0,13,15,65,13,0,0x12,600,ARank,Fenrir_ItemIcon,0x0,NoEffect,1,0x0,0x0,0x0
Eclipse,EclipseName,EclipseDescription,0x0,0x4a,0x7,IsWeapon|IsMagic|Uncounterable,0x0,0x0,5,255,10,9,0,0x3a,800,BRank,Eclipse_ItemIcon,0x0,EclipseEffect,1,0x0,0x0,0x0
,0x0,BlankDescription,0x0,0x5a,0x0,0x0,0x0,0x0,0,0,0,0,0,0x11,0,NoRank,0x0,0x0,0x0,0x0,0x0,0x0,0x0
,0x0,BlankDescription,0x0,0x5a,0x0,0x0,0x0,0x0,0,0,0,0,0,0x11,0,NoRank,0x0,0x0,0x0,0x0,0x0,0x0,0x0
,0x0,BlankDescription,0x0,0x5a,0x0,0x0,0x0,0x0,0,0,0,0,0,0x11,0,NoRank,0x0,0x0,0x0,0x0,0x0,0x0,0x0
Heal,HealName,HealDescription,HealUseScreen,0x4b,0x4,IsStaff,0x0,0x0,30,0,100,2,0,0x11,20,ERank,Heal_ItemIcon,0x1,NoEffect,1,0x0,0x0,0x0
Mend,MendName,MendDescription,MendUseScreen,0x4c,0x4,IsStaff,0x0,0x0,20,0,100,4,0,0x11,50,DRank,Mend_ItemIcon,0x2,NoEffect,1,0x0,0x0,0x0
Recover,RecoverName,RecoverDescription,RecoverUseScreen,0x4d,0x4,IsStaff,0x0,0x0,15,0,100,6,0,0x11,150,CRank,Recover_ItemIcon,0x3,NoEffect,1,0x0,0x0,0x0
Physic,PhysicName,PhysicDescription,PhysicUseScreen,0x4e,0x4,IsStaff,0x0,0x0,15,0,100,5,0,0x10,250,BRank,Physic_ItemIcon,0x4,NoEffect,1,0x0,0x0,0x0
Fortify,FortifyName,FortifyDescription,FortifyUseScreen,0x4f,0x4,IsStaff,0x0,0x0,8,0,100,7,0,0x10,1000,ARank,Fortify_ItemIcon,0x5,NoEffect,1,0x0,0x0,0x0
Restore,RestoreName,RestoreDescription,RestoreUseScreen,0x50,0x4,IsStaff,0x0,0x0,10,0,100,4,0,0x11,200,CRank,Restore_ItemIcon,0x6,NoEffect,1,0x0,0x0,0x0
Silence,SilenceName,SilenceDescription,SilenceUseScreen,0x51,0x4,IsStaff,0x0,0x0,3,0,70,7,0,0x10,400,BRank,Silence_ItemIcon,0x7,NoEffect,1,0x0,0x0,0x0
Sleep,SleepName,SleepDescription,SleepUseScreen,0x52,0x4,IsStaff,0x0,0x0,3,0,65,8,0,0x10,500,BRank,Sleep_ItemIcon,0x8,NoEffect,1,0x0,0x0,0x0
Berserk,BerserkName,BerserkDescription,BerserkUseScreen,0x53,0x4,IsStaff,0x0,0x0,3,0,60,8,0,0x10,600,BRank,Berserk_ItemIcon,0x9,NoEffect,1,0x0,0x0,0x0
Warp,WarpName,WarpDescription,WarpUseScreen,0x54,0x4,IsStaff,0x0,0x0,5,0,100,5,0,0x11,1500,ARank,Warp_ItemIcon,0xa,NoEffect,1,0x0,0x0,0x0
Rescue,RescueName,RescueDescription,RescueUseScreen,0x55,0x4,IsStaff,0x0,0x0,3,0,100,6,0,0x10,600,BRank,Rescue_ItemIcon,0xb,NoEffect,1,0x0,0x0,0x0
TorchStaff,TorchStaffName,TorchStaffDescription,TorchStaffUseScreen,0x56,0x4,IsStaff,0x0,0x0,10,0,100,5,0,0x10,100,DRank,TorchStaff_ItemIcon,0xc,NoEffect,1,0x0,0x0,0x0
Hammerne,HammerneName,HammerneDescription,HammerneUseScreen,0x57,0x4,IsStaff|CannotRepair,0x0,0x0,3,0,100,7,0,0x11,600,CRank,Hammerne_ItemIcon,0xd,NoEffect,1,0x0,0x0,0x0
Unlock,UnlockName,UnlockDescription,UnlockUseScreen,0x58,0x4,IsStaff,0x0,0x0,10,0,100,7,0,0x12,150,DRank,Unlock_ItemIcon,0xe,NoEffect,1,0x0,0x0,0x0
Barrier,BarrierName,BarrierDescription,BarrierUseScreen,0x59,0x4,IsStaff,0x0,0x0,15,0,100,4,0,0x11,150,CRank,Barrier_ItemIcon,0xf,NoEffect,1,0x0,0x0,0x0
,0x0,BlankDescription,0x0,0x5a,0x0,0x0,0x0,0x0,0,0,0,0,0,0x11,0,NoRank,0x0,0x0,0x0,0x0,0x0,0x0,0x0
AngelicRobe,AngelicRobeName,AngelicRobeDescription,AngelicRobeUseScreen,0x5b,0x9,0x0,PlusSevenHPBoost|IsPointer,0x0,1,0,0,0,0,0x11,8000,NoRank,AngelicRobe_ItemIcon,0x10,NoEffect,0,0x0,0x0,0x0
EnergyRing,EnergyRingName,EnergyRingDescription,EnergyRingUseScreen,0x5c,0x9,0x0,PlusTwoPOWBoost|IsPointer,0x0,1,0,0,0,0,0x11,8000,NoRank,EnergyRing_ItemIcon,0x11,NoEffect,0,0x0,0x0,0x0
SecretBook,SecretBookName,SecretBookDescription,SecretBookUseScreen,0x5d,0x9,0x0,PlusTwoSKLBoost|IsPointer,0x0,1,0,0,0,0,0x11,8000,NoRank,SecretBook_ItemIcon,0x12,NoEffect,0,0x0,0x0,0x0
Speedwings,SpeedwingsName,SpeedwingsDescription,SpeedwingsUseScreen,0x5e,0x9,0x0,PlusTwoSPDBoost|IsPointer,0x0,1,0,0,0,0,0x11,8000,NoRank,Speedwings_ItemIcon,0x13,NoEffect,0,0x0,0x0,0x0
GoddessIcon,GoddessIconName,GoddessIconDescription,GoddessIconUseScreen,0x5f,0x9,0x0,PlusTwoLUCKBoost|IsPointer,0x0,1,0,0,0,0,0x11,8000,NoRank,GoddessIcon_ItemIcon,0x14,NoEffect,0,0x0,0x0,0x0
Dragonshield,DragonshieldName,DragonshieldDescription,DragonshieldUseScreen,0x60,0x9,0x0,PlusTwoDEFBoost|IsPointer,0x0,1,0,0,0,0,0x11,8000,NoRank,Dragonshield_ItemIcon,0x15,NoEffect,0,0x0,0x0,0x0
Talisman,TalismanName,TalismanDescription,TalismanUseScreen,0x61,0x9,0x0,PlusTwoRESBoost|IsPointer,0x0,1,0,0,0,0,0x11,8000,NoRank,Talisman_ItemIcon,0x16,NoEffect,0,0x0,0x0,0x0
Boots,BootsName,BootsDescription,BootsUseScreen,0x62,0x9,0x0,PlusTwoMOVEBoost|IsPointer,0x0,1,0,0,0,0,0x11,8000,NoRank,Swiftsoles_ItemIcon,0x17,NoEffect,0,0x0,0x0,0x0
BodyRing,BodyRingName,BodyRingDescription,BodyRingUseScreen,0x63,0x9,0x0,PlusTwoCONBoost|IsPointer,0x0,1,0,0,0,0,0x11,8000,NoRank,BodyRing_ItemIcon,0x18,NoEffect,0,0x0,0x0,0x0
HeroCrest,HeroCrestName,HeroCrestDescription,HeroCrestUseScreen,0x64,0x9,0x0,0x0,0x0,1,0,0,0,0,0x11,10000,NoRank,HeroCrest_ItemIcon,0x19,NoEffect,0,0x0,0x0,0x0
KnightCrest,KnightCrestName,KnightCrestDescription,KnightCrestUseScreen,0x65,0x9,0x0,0x0,0x0,1,0,0,0,0,0x11,10000,NoRank,KnightCrest_ItemIcon,0x1a,NoEffect,0,0x0,0x0,0x0
OrionsBolt,OrionsBoltName,OrionsBoltDescription,OrionsBoltUseScreen,0x66,0x9,0x0,0x0,0x0,1,0,0,0,0,0x11,10000,NoRank,OrionsBolt_ItemIcon,0x1b,NoEffect,0,0x0,0x0,0x0
ElysianWhip,ElysianWhipName,ElysianWhipDescription,ElysianWhipUseScreen,0x67,0x9,0x0,0x0,0x0,1,0,0,0,0,0x11,10000,NoRank,ElysianWhip_ItemIcon,0x1c,NoEffect,0,0x0,0x0,0x0
GuidingRing,GuidingRingName,GuidingRingDescription,GuidingRingUseScreen,0x68,0x9,0x0,0x0,0x0,1,0,0,0,0,0x11,10000,NoRank,GuidingRing_ItemIcon,0x1d,NoEffect,0,0x0,0x0,0x0
ChestKey1Use,ChestKeyName,ChestKeyDescription,ChestKeyUseScreen,0x69,0x9,0x0,0x0,0x0,1,0,0,0,0,0x11,300,NoRank,ChestKey_ItemIcon,0x1e,NoEffect,0,0x0,0x0,0x0
DoorKey,DoorKeyName,DoorKeyDescription,DoorKeyUseScreen,0x6a,0x9,0x0,0x0,0x0,1,0,0,0,0,0x11,50,NoRank,DoorKey_ItemIcon,0x1f,NoEffect,0,0x0,0x0,0x0
Lockpick,LockpickName,LockpickDescription,LockpickUseScreen,0x6b,0x9,0x0,0x0,0x0,15,0,0,0,0,0x11,80,NoRank,Lockpick_ItemIcon,0x20,NoEffect,0,0x0,0x0,0x0
Vulnerary,VulneraryName,VulneraryDescription,VulneraryUseScreen,0x6c,0x9,0x0,0x0,0x0,3,0,0,0,0,0x11,100,NoRank,Vulnerary_ItemIcon,0x21,NoEffect,0,0x0,0x0,0x0
Elixir,ElixirName,ElixirDescription,ElixirUseScreen,0x6d,0x9,0x0,0x0,0x0,3,0,0,0,0,0x11,1000,NoRank,Elixir_ItemIcon,0x22,NoEffect,0,0x0,0x0,0x0
PureWater,PureWaterName,PureWaterDescription,PureWaterUseScreen,0x6e,0x9,0x0,0x0,0x0,3,0,0,0,0,0x11,300,NoRank,PureWater_ItemIcon,0x23,NoEffect,0,0x0,0x0,0x0
Antitoxin,AntitoxinName,AntitoxinDescription,AntitoxinUseScreen,0x6f,0x9,0x0,0x0,0x0,3,0,0,0,0,0x11,150,NoRank,Antitoxin_ItemIcon,0x24,NoEffect,0,0x0,0x0,0x0
Torch,TorchName,TorchDescription,TorchUseScreen,0x70,0x9,0x0,0x0,0x0,5,0,0,0,0,0x11,100,NoRank,Torch_ItemIcon,0x25,NoEffect,0,0x0,0x0,0x0
DelphiShield,DelphiShieldName,DelphiShieldDescription,DelphiShieldUseScreen,0x71,0x9,Indestructible|NegateFlyingEffectiveness,0x0,0x0,0,0,0,0,0,0x11,10000,NoRank,DelphiShield_ItemIcon,0x0,NoEffect,0,0x0,0x0,0x0
MemberCard,MemberCardName,MemberCardDescription,MemberCardUseScreen,0x72,0x9,0x0,0x0,0x0,1,0,0,0,0,0x11,6000,NoRank,MemberCard_ItemIcon,0x0,NoEffect,0,0x0,0x0,0x0
SilverCard,SilverCardName,SilverCardDescription,SilverCardUseScreen,0x73,0x9,0x0,0x0,0x0,1,0,0,0,0,0x11,4000,NoRank,SilverCard_ItemIcon,0x0,NoEffect,0,0x0,0x0,0x0
RedGem,RedGemName,RedGemDescription,0x0,0x74,0x9,0x0,0x0,0x0,1,0,0,0,0,0x11,5000,NoRank,RedGem_ItemIcon,0x0,NoEffect,0,0x0,0x0,0x0
BlueGem,BlueGemName,BlueGemDescription,0x0,0x75,0x9,0x0,0x0,0x0,1,0,0,0,0,0x11,10000,NoRank,BlueGem_ItemIcon,0x0,NoEffect,0,0x0,0x0,0x0
WhiteGem,WhiteGemName,WhiteGemDescription,0x0,0x76,0x9,0x0,0x0,0x0,1,0,0,0,0,0x11,20000,NoRank,WhiteGem_ItemIcon,0x0,NoEffect,0,0x0,0x0,0x0
GoldItem,0x0,BlankDescription,0x0,0x77,0x0,0x0,0x0,0x0,0,0,0,0,0,0x11,0,NoRank,Sack_ItemIcon,0x0,0x0,0x0,0x0,0x0,0x0
,0x0,BlankDescription,0x0,0x78,0x0,0x0,0x0,0x0,0,0,0,0,0,0x11,0,NoRank,0x0,0x0,0x0,0x0,0x0,0x0,0x0
ChestKey5Uses,ChestKeyName,ChestKeyDescription,ChestKeyUseScreen,0x79,0x9,0x0,0x0,0x0,5,0,0,0,0,0x11,300,NoRank,ChestKey_ItemIcon,0x26,NoEffect,0,0x0,0x0,0x0
MineDUMMY,DummyName,BlankDescription,0x0,0x7a,0x9,0x0,0x0,0x0,1,0,0,0,0,0x11,500,NoRank,Mine_ItemIcon,0x27,NoEffect,0,0x0,0x0,0x0
LightRuneDUMMY,DummyName,BlankDescription,0x0,0x7b,0x9,0x0,0x0,0x0,1,0,0,0,0,0x11,800,NoRank,LightRune_ItemIcon,0x28,NoEffect,0,0x0,0x0,0x0
IronRuneDUMMY,DummyName,BlankDescription,0x0,0x7c,0x9,Indestructible|NegateCriticals,0x0,0x0,0,0,0,0,0,0x11,5000,NoRank,IronRune_ItemIcon,0x0,NoEffect,0,0x0,0x0,0x0
,0x0,BlankDescription,0x0,0x7d,0x0,0x0,0x0,0x0,0,0,0,0,0,0x11,0,NoRank,0x0,0x0,0x0,0x0,0x0,0x0,0x0
BindingBlade,BindingBladeName,BindingBladeDescription,0x0,0x91,0x0,IsWeapon|Unsellable|EirikaLock,NightmareBoost|IsPointer,BindingBladeDivinestoneEffectiveness|IsPointer,20,18,95,8,10,0x12,0,NoRank,BindingBlade_ItemIcon,0x0,NoEffect,1,0x0,0x0,0x0
Eckesachs,EckesachsName,EckesachsDescription,0x0,0x92,0x0,IsWeapon|Unsellable|EphraimLock,0x0,0x0,0,15,90,15,5,0x12,0,SRank,Eckesachs_ItemIcon,0x0,NoEffect,1,0x0,0x0,0x0
Durandal,DurandalName,DurandalDescription,0x0,0x93,0x0,IsWeapon,PlusFivePOWBoost|IsPointer,DragonEffectiveness|IsPointer,20,17,90,12,0,0x11,0,SRank,Durandal_ItemIcon,0x0,NoEffect,1,0x0,0x0,0x0
Maltet,MaltetName,MaltetDescription,0x0,0x94,0x1,IsWeapon,PlusFiveSKLBoost|IsPointer,DragonEffectiveness|IsPointer,20,16,80,11,0,0x11,0,SRank,Maltet_ItemIcon,0x0,NoEffect,1,0x0,0x0,0x0
Armads,ArmadsName,ArmadsDescription,0x0,0x95,0x2,IsWeapon,PlusFiveDEFBoost|IsPointer,DragonEffectiveness|IsPointer,20,18,75,13,0,0x11,0,SRank,Armads_ItemIcon,0x0,NoEffect,1,0x0,0x0,0x0
Mulagir,MulagirName,MulagirDescription,0x0,0x96,0x3,IsWeapon,PlusFiveSPDBoost|IsPointer,FlierAndDragonEffectiveness|IsPointer,20,16,80,9,0,0x22,0,SRank,Mulagir_ItemIcon,0x0,NoEffect,1,0x0,0x0,0x0
Forblaze,ForblazeName,ForblazeDescription,0x0,0x97,0x5,IsWeapon|IsMagic,PlusFiveLUCKBoost|IsPointer,DragonEffectiveness|IsPointer,20,14,85,6,5,0x12,0,SRank,Forblaze_ItemIcon,0x0,NoEffect,1,0x0,0x0,0x0
Aureola,AureolaName,AureolaDescription,0x0,0x98,0x6,IsWeapon|IsMagic,PlusFiveRESBoost|IsPointer,DragonEffectiveness|IsPointer,20,15,90,9,5,0x12,0,SRank,Aureola_ItemIcon,0x0,NoEffect,1,0x0,0x0,0x0
Apocalypse,ApocalypseName,ApocalypseDescription,0x0,0x99,0x7,IsWeapon|IsMagic,PlusFivePOWBoost|IsPointer,DragonEffectiveness|IsPointer,20,18,80,12,5,0x12,0,SRank,Apocalypse_ItemIcon,0x0,NoEffect,1,0x0,0x0,0x0
SaintsStaff,SaintsStaffName,SaintsStaffDescription,SaintsStaffUseScreen,0x9a,0x4,IsStaff|Unsellable,0x0,0x0,3,0,100,5,0,0xff,0,SRank,SaintsStaff_ItemIcon,0x37,NoEffect,1,0x0,0x0,0x0
,0x0,BlankDescription,0x0,0x88,0x0,0x0,0x0,0x0,0,0,0,0,0,0x11,0,NoRank,0x0,0x0,0x0,0x0,0x0,0x0,0x0
,0x0,BlankDescription,0x0,0x89,0x0,0x0,0x0,0x0,0,0,0,0,0,0x11,0,NoRank,0x0,0x0,0x0,0x0,0x0,0x0,0x0
HeavenSealDUMMY,DummyName,BlankDescription,0x0,0x8a,0xb,0x0,0x0,0x0,1,0,0,0,0,0x11,0,NoRank,HeavenSeal_ItemIcon,0x0,NoEffect,0,0x0,0x0,0x0
EarthSealDUMMY,DummyName,BlankDescription,0x0,0x8b,0x0,0x0,0x0,0x0,1,0,0,0,0,0x11,40000,NoRank,EarthSeal_ItemIcon,0x0,NoEffect,0,0x0,0x0,0x0
,0x0,BlankDescription,0x0,0x8c,0x0,0x0,0x0,0x0,0,0,0,0,0,0x11,0,NoRank,0x0,0x0,0x0,0x0,0x0,0x0,0x0
AlsSword,AlsSwordName,AlsSwordDescription,0x0,0xaa,0x0,IsWeapon,0x0,0x0,50,7,75,7,0,0x11,20,DRank,AlsSword_ItemIcon,0x0,NoEffect,1,0x0,0x0,0x0
GantsLance,GantsLanceName,GantsLanceDescription,0x0,0xab,0x1,IsWeapon,0x0,0x0,50,9,65,10,0,0x11,16,DRank,GantsLance_ItemIcon,0x0,NoEffect,1,0x0,0x0,0x0
TinasStaff,TinasStaffName,MendDescription,MendUseScreen,0xac,0x4,IsStaff,0x0,0x0,30,0,100,3,0,0x11,60,DRank,TinasStaff_ItemIcon,0x2,NoEffect,1,0x0,0x0,0x0
,0x0,BlankDescription,0x0,0x90,0x0,0x0,0x0,0x0,0,0,0,0,0,0x11,0,NoRank,0x0,0x0,0x0,0x0,0x0,0x0,0x0
Firestone,FirestoneName,FirestoneDescription,FirestoneUseScreen,0xae,0xb,IsWeapon|Indestructible|MonsterWeapon,WretchedAirBoost|IsPointer,0x0,0,15,100,0,5,0x11,0,NoRank,Firestone_ItemIcon,0x0,NoEffect,0,0x0,0x0,0x0
Divinestone,DivinestoneName,DivinestoneDescription,DivinestoneUseScreen,0xaf,0xb,IsWeapon|MonsterWeapon,DragonstoneBoost|IsPointer,BindingBladeDivinestoneEffectiveness|IsPointer,30,16,100,0,15,0x11,0,NoRank,Divinestone_ItemIcon,0x0,NoEffect,0,0x0,0x0,0x0
DarkBreath,DarkBreathName,DarkBreathDescription,0x0,0xb0,0xb,IsWeapon|Indestructible|MonsterWeapon,0x0,0x0,0,20,100,0,10,0x11,0,NoRank,WretchedAir_ItemIcon,0x0,NoEffect,0,0x0,0x0,0x0
,0x0,BlankDescription,0x0,0x9b,0x0,0x0,0x0,0x0,0,0,0,0,0,0x11,0,NoRank,0x0,0x0,0x0,0x0,0x0,0x0,0x0
,0x0,BlankDescription,0x0,0x9b,0x0,0x0,0x0,0x0,0,0,0,0,0,0x11,0,NoRank,0x0,0x0,0x0,0x0,0x0,0x0,0x0
,0x0,BlankDescription,0x0,0x9b,0x0,0x0,0x0,0x0,0,0,0,0,0,0x11,0,NoRank,0x0,0x0,0x0,0x0,0x0,0x0,0x0
,0x0,BlankDescription,0x0,0x9b,0x0,0x0,0x0,0x0,0,0,0,0,0,0x11,0,NoRank,0x0,0x0,0x0,0x0,0x0,0x0,0x0
,0x0,BlankDescription,0x0,0x9b,0x0,0x0,0x0,0x0,0,0,0,0,0,0x11,0,NoRank,0x0,0x0,0x0,0x0,0x0,0x0,0x0
,0x0,BlankDescription,0x0,0x9b,0x0,0x0,0x0,0x0,0,0,0,0,0,0x11,0,NoRank,0x0,0x0,0x0,0x0,0x0,0x0,0x0
,0x0,BlankDescription,0x0,0x9b,0x0,0x0,0x0,0x0,0,0,0,0,0,0x11,0,NoRank,0x0,0x0,0x0,0x0,0x0,0x0,0x0
,0x0,BlankDescription,0x0,0x9b,0x0,0x0,0x0,0x0,0,0,0,0,0,0x11,0,NoRank,0x0,0x0,0x0,0x0,0x0,0x0,0x0
,0x0,BlankDescription,0x0,0x9b,0x0,0x0,0x0,0x0,0,0,0,0,0,0x11,0,NoRank,0x0,0x0,0x0,0x0,0x0,0x0,0x0
,0x0,BlankDescription,0x0,0x9b,0x0,0x0,0x0,0x0,0,0,0,0,0,0x11,0,NoRank,0x0,0x0,0x0,0x0,0x0,0x0,0x0
,0x0,BlankDescription,0x0,0x9b,0x0,0x0,0x0,0x0,0,0,0,0,0,0x11,0,NoRank,0x0,0x0,0x0,0x0,0x0,0x0,0x0
,0x0,BlankDescription,0x0,0x9b,0x0,0x0,0x0,0x0,0,0,0,0,0,0x11,0,NoRank,0x0,0x0,0x0,0x0,0x0,0x0,0x0
Zanbato,ZanbatoName,HorseEffectiveDescription,0x0,0x9d,0x0,IsWeapon,0x0,HorseEffectiveness|IsPointer,18,6,85,11,0,0x11,70,DRank,Zanbato_ItemIcon,0x0,NoEffect,1,0x0,0x0,0x0
WindSword,WindSwordName,FlierEffectiveDescription,0x0,0x9e,0x0,IsWeapon|MagicDamage,0x0,FlierEffectiveness|IsPointer,40,9,70,9,0,0x12,200,BRank,WindSword_ItemIcon,0x0,NoEffect,1,0x0,0x0,0x0
,0x0,BlankDescription,0x0,0x9f,0x0,0x0,0x0,0x0,0,0,0,0,0,0x11,0,NoRank,0x0,0x0,0x0,0x0,0x0,0x0,0x0
ShortSpear,ShortSpearName,RangedWepDescription,0x0,0xa0,0x1,IsWeapon,0x0,0x0,18,9,60,12,0,0x12,50,CRank,ShortSpear_ItemIcon,0x0,NoEffect,1,0x0,0x0,0x0
HeavySpear,HeavySpearName,ArmorEffectiveDescription,0x0,0xa1,0x1,IsWeapon,0x0,ArmorEffectiveness|IsPointer,16,9,70,14,0,0x11,75,DRank,HeavySpear_ItemIcon,0x0,NoEffect,1,0x0,0x0,0x0
Dragonspear,DragonspearName,DragonEffectiveDescription,0x0,0xa2,0x1,IsWeapon,0x0,DragonEffectiveness|IsPointer,30,10,70,8,0,0x11,150,CRank,Dragonspear_ItemIcon,0x0,NoEffect,1,0x0,0x0,0x0
,0x0,BlankDescription,0x0,0xa3,0x0,0x0,0x0,0x0,0,0,0,0,0,0x11,0,NoRank,0x0,0x0,0x0,0x0,0x0,0x0,0x0
BattleAxe,BattleAxeName,BlankDescription,0x0,0xa4,0x2,IsWeapon,0x0,0x0,20,13,60,15,5,0x11,50,BRank,BattleAxe_ItemIcon,0x0,NoEffect,1,0x0,0x0,0x0
Hatchet,HatchetName,RangedWepDescription,0x0,0xa5,0x2,IsWeapon,0x0,0x0,50,4,85,5,0,0x12,0,ERank,Hatchet_ItemIcon,0x0,NoEffect,1,0x0,0x0,0x0
Swordslayer,SwordslayerName,SwordEffectiveDescription,0x0,0xa6,0x2,IsWeapon|ReverseTriangle,0x0,SwordEffectiveness|IsPointer,20,11,80,13,5,0x11,100,CRank,Swordslayer_ItemIcon,0x0,NoEffect,1,0x0,0x0,0x0
DragonAxe,DragonAxeName,DragonEffectiveDescription,0x0,0xa7,0x2,IsWeapon,0x0,DragonEffectiveness|IsPointer,30,12,60,11,0,0x11,150,CRank,DragonAxe_ItemIcon,0x0,NoEffect,1,0x0,0x0,0x0
,0x0,BlankDescription,0x0,0xa8,0x0,0x0,0x0,0x0,0,0,0,0,0,0x11,0,NoRank,0x0,0x0,0x0,0x0,0x0,0x0,0x0
Shine,ShineName,BlankDescription,0x0,0xad,0x6,IsWeapon|IsMagic,0x0,0x0,30,6,90,8,8,0x12,30,DRank,Shine_ItemIcon,0x0,NoEffect,1,0x0,0x0,0x0
Aura,AuraName,BlankDescription,0x0,0xad,0x6,IsWeapon|IsMagic,0x0,0x0,20,12,85,15,15,0x12,400,ARank,Aura_ItemIcon,0x0,NoEffect,1,0x0,0x0,0x0
,0x0,BlankDescription,0x0,0x9b,0x0,0x0,0x0,0x0,0,0,0,0,0,0x11,0,NoRank,0x0,0x0,0x0,0x0,0x0,0x0,0x0
Luna,LunaName,LunaDescription,0x0,0x9b,0x7,IsWeapon|IsMagic|NegateDef|Uncounterable,0x0,0x0,30,0,50,12,10,0x12,140,CRank,Luna_ItemIcon,0x0,NoEffect,1,0x0,0x0,0x0
,0x0,BlankDescription,0x0,0x9b,0x0,0x0,0x0,0x0,0,0,0,0,0,0x11,0,NoRank,0x0,0x0,0x0,0x0,0x0,0x0,0x0
,0x0,BlankDescription,0x0,0xb1,0x0,0x0,0x0,0x0,0,0,0,0,0,0x11,0,NoRank,0x0,0x0,0x0,0x0,0x0,0x0,0x0
,0x0,BlankDescription,0x0,0xb2,0x0,0x0,0x0,0x0,0,0,0,0,0,0x11,0,NoRank,0x0,0x0,0x0,0x0,0x0,0x0,0x0
,0x0,BlankDescription,0x0,0xb3,0x0,0x0,0x0,0x0,0,0,0,0,0,0x11,0,NoRank,0x0,0x0,0x0,0x0,0x0,0x0,0x0
,0x0,BlankDescription,0x0,0xb4,0x0,0x0,0x0,0x0,0,0,0,0,0,0x11,0,NoRank,0x0,0x0,0x0,0x0,0x0,0x0,0x0
,0x0,BlankDescription,0x0,0xb5,0x0,0x0,0x0,0x0,0,0,0,0,0,0x11,0,NoRank,0x0,0x0,0x0,0x0,0x0,0x0,0x0
,0x0,BlankDescription,0x0,0xb6,0x0,0x0,0x0,0x0,0,0,0,0,0,0x11,0,NoRank,0x0,0x0,0x0,0x0,0x0,0x0,0x0
,0x0,BlankDescription,0x0,0xb7,0x0,0x0,0x0,0x0,0,0,0,0,0,0x11,0,NoRank,0x0,0x0,0x0,0x0,0x0,0x0,0x0
,0x0,BlankDescription,0x0,0xb8,0x0,0x0,0x0,0x0,0,0,0,0,0,0x11,0,NoRank,0x0,0x0,0x0,0x0,0x0,0x0,0x0
,0x0,BlankDescription,0x0,0xb9,0x0,0x0,0x0,0x0,0,0,0,0,0,0x11,0,NoRank,0x0,0x0,0x0,0x0,0x0,0x0,0x0
,0x0,BlankDescription,0x0,0xba,0x0,0x0,0x0,0x0,0,0,0,0,0,0x11,0,NoRank,0x0,0x0,0x0,0x0,0x0,0x0,0x0
,0x0,BlankDescription,0x0,0xbb,0x0,0x0,0x0,0x0,0,0,0,0,0,0x11,0,NoRank,0x0,0x0,0x0,0x0,0x0,0x0,0x0
,0x0,BlankDescription,0x0,0xbc,0x0,0x0,0x0,0x0,0,0,0,0,0,0x11,0,NoRank,0x0,0x0,0x0,0x0,0x0,0x0,0x0
,0x0,BlankDescription,0x0,0xbd,0x0,0x0,0x0,0x0,0,0,0,0,0,0x11,0,NoRank,0x0,0x0,0x0,0x0,0x0,0x0,0x0
,0x0,BlankDescription,0x0,0xbe,0x0,0x0,0x0,0x0,0,0,0,0,0,0x11,0,NoRank,0x0,0x0,0x0,0x0,0x0,0x0,0x0
,0x0,BlankDescription,0x0,0xbf,0x0,0x0,0x0,0x0,0,0,0,0,0,0x11,0,NoRank,0x0,0x0,0x0,0x0,0x0,0x0,0x0
,0x0,BlankDescription,0x0,0xc0,0x0,0x0,0x0,0x0,0,0,0,0,0,0x11,0,NoRank,0x0,0x0,0x0,0x0,0x0,0x0,0x0
,0x0,BlankDescription,0x0,0xc1,0x0,0x0,0x0,0x0,0,0,0,0,0,0x11,0,NoRank,0x0,0x0,0x0,0x0,0x0,0x0,0x0
,0x0,BlankDescription,0x0,0xc2,0x0,0x0,0x0,0x0,0,0,0,0,0,0x11,0,NoRank,0x0,0x0,0x0,0x0,0x0,0x0,0x0
,0x0,BlankDescription,0x0,0xc3,0x0,0x0,0x0,0x0,0,0,0,0,0,0x11,0,NoRank,0x0,0x0,0x0,0x0,0x0,0x0,0x0
,0x0,BlankDescription,0x0,0xc4,0x0,0x0,0x0,0x0,0,0,0,0,0,0x11,0,NoRank,0x0,0x0,0x0,0x0,0x0,0x0,0x0
,0x0,BlankDescription,0x0,0xc5,0x0,0x0,0x0,0x0,0,0,0,0,0,0x11,0,NoRank,0x0,0x0,0x0,0x0,0x0,0x0,0x0
,0x0,BlankDescription,0x0,0xc6,0x0,0x0,0x0,0x0,0,0,0,0,0,0x11,0,NoRank,0x0,0x0,0x0,0x0,0x0,0x0,0x0
,0x0,BlankDescription,0x0,0xc7,0x0,0x0,0x0,0x0,0,0,0,0,0,0x11,0,NoRank,0x0,0x0,0x0,0x0,0x0,0x0,0x0
,0x0,BlankDescription,0x0,0xc8,0x0,0x0,0x0,0x0,0,0,0,0,0,0x11,0,NoRank,0x0,0x0,0x0,0x0,0x0,0x0,0x0
,0x0,BlankDescription,0x0,0xc9,0x0,0x0,0x0,0x0,0,0,0,0,0,0x11,0,NoRank,0x0,0x0,0x0,0x0,0x0,0x0,0x0
,0x0,BlankDescription,0x0,0xca,0x0,0x0,0x0,0x0,0,0,0,0,0,0x11,0,NoRank,0x0,0x0,0x0,0x0,0x0,0x0,0x0
,0x0,BlankDescription,0x0,0xcb,0x0,0x0,0x0,0x0,0,0,0,0,0,0x11,0,NoRank,0x0,0x0,0x0,0x0,0x0,0x0,0x0
,0x0,BlankDescription,0x0,0xcc,0x0,0x0,0x0,0x0,0,0,0,0,0,0x11,0,NoRank,0x0,0x0,0x0,0x0,0x0,0x0,0x0
,0x0,BlankDescription,0x0,0xcd,0x0,0x0,0x0,0x0,0,0,0,0,0,0x11,0,NoRank,0x0,0x0,0x0,0x0,0x0,0x0,0x0
